filename,x,y,source_x,source_y
mirror_Vertical_velocity_1_Source_x_-1.35_Source_y_-0.9.txt,-1.275,-0.900,-1.350,-0.900
mirror_Vertical_velocity_1_Source_x_-1.27_Source_y_-0.825.txt,-1.275,-0.900,-1.275,-0.825
mirror_Vertical_velocity_1_Source_x_-1.2_Source_y_-0.9.txt,-1.275,-0.900,-1.200,-0.900
Vertical_velocity_1_Source_x_-1.35_Source_y_0.9.txt,-1.275,0.900,-1.350,0.900
Vertical_velocity_1_Source_x_-1.275_Source_y_0.825.txt,-1.275,0.900,-1.275,0.825
Vertical_velocity_1_Source_x_-1.2_Source_y_0.9.txt,-1.275,0.900,-1.200,0.900
mirror_Vertical_velocity_1_Source_x_1.2_Source_y_-0.9.txt,1.275,-0.900,1.200,-0.900
mirror_Vertical_velocity_1_Source_x_1.27_Source_y_-0.825.txt,1.275,-0.900,1.275,-0.825
mirror_Vertical_velocity_1_Source_x_1.35_Source_y_-0.9.txt,1.275,-0.900,1.350,-0.900
mirror_Vertical_velocity_1_Source_x_1.2_Source_y_0.9.txt,1.275,0.900,1.200,0.900
mirror_Vertical_velocity_1_Source_x_1.27_Source_y_0.825.txt,1.275,0.900,1.275,0.825
mirror_Vertical_velocity_1_Source_x_1.35_Source_y_0.9.txt,1.275,0.900,1.350,0.900
mirror_Vertical_velocity_2_Source_x_-1.2_Source_y_-0.9.txt,-1.125,-0.900,-1.200,-0.900
mirror_Vertical_velocity_2_Source_x_-1.12_Source_y_-0.825.txt,-1.125,-0.900,-1.125,-0.825
mirror_Vertical_velocity_2_Source_x_-1.05_Source_y_-0.9.txt,-1.125,-0.900,-1.050,-0.900
Vertical_velocity_2_Source_x_-1.2_Source_y_0.9.txt,-1.125,0.900,-1.200,0.900
Vertical_velocity_2_Source_x_-1.125_Source_y_0.825.txt,-1.125,0.900,-1.125,0.825
Vertical_velocity_2_Source_x_-1.05_Source_y_0.9.txt,-1.125,0.900,-1.050,0.900
mirror_Vertical_velocity_2_Source_x_1.05_Source_y_-0.9.txt,1.125,-0.900,1.050,-0.900
mirror_Vertical_velocity_2_Source_x_1.12_Source_y_-0.825.txt,1.125,-0.900,1.125,-0.825
mirror_Vertical_velocity_2_Source_x_1.2_Source_y_-0.9.txt,1.125,-0.900,1.200,-0.900
mirror_Vertical_velocity_2_Source_x_1.05_Source_y_0.9.txt,1.125,0.900,1.050,0.900
mirror_Vertical_velocity_2_Source_x_1.12_Source_y_0.825.txt,1.125,0.900,1.125,0.825
mirror_Vertical_velocity_2_Source_x_1.2_Source_y_0.9.txt,1.125,0.900,1.200,0.900
mirror_Vertical_velocity_3_Source_x_-1.05_Source_y_-0.9.txt,-0.975,-0.900,-1.050,-0.900
mirror_Vertical_velocity_3_Source_x_-0.975_Source_y_-0.825.txt,-0.975,-0.900,-0.975,-0.825
mirror_Vertical_velocity_3_Source_x_-0.9_Source_y_-0.9.txt,-0.975,-0.900,-0.900,-0.900
Vertical_velocity_3_Source_x_-1.05_Source_y_0.9.txt,-0.975,0.900,-1.050,0.900
Vertical_velocity_3_Source_x_-0.975_Source_y_0.825.txt,-0.975,0.900,-0.975,0.825
Vertical_velocity_3_Source_x_-0.9_Source_y_0.9.txt,-0.975,0.900,-0.900,0.900
mirror_Vertical_velocity_3_Source_x_0.9_Source_y_-0.9.txt,0.975,-0.900,0.900,-0.900
mirror_Vertical_velocity_3_Source_x_0.975_Source_y_-0.825.txt,0.975,-0.900,0.975,-0.825
mirror_Vertical_velocity_3_Source_x_1.05_Source_y_-0.9.txt,0.975,-0.900,1.050,-0.900
mirror_Vertical_velocity_3_Source_x_0.9_Source_y_0.9.txt,0.975,0.900,0.900,0.900
mirror_Vertical_velocity_3_Source_x_0.975_Source_y_0.825.txt,0.975,0.900,0.975,0.825
mirror_Vertical_velocity_3_Source_x_1.05_Source_y_0.9.txt,0.975,0.900,1.050,0.900
mirror_Vertical_velocity_4_Source_x_-0.9_Source_y_-0.9.txt,-0.825,-0.900,-0.900,-0.900
mirror_Vertical_velocity_4_Source_x_-0.825_Source_y_-0.825.txt,-0.825,-0.900,-0.825,-0.825
mirror_Vertical_velocity_4_Source_x_-0.75_Source_y_-0.9.txt,-0.825,-0.900,-0.750,-0.900
Vertical_velocity_4_Source_x_-0.9_Source_y_0.9.txt,-0.825,0.900,-0.900,0.900
Vertical_velocity_4_Source_x_-0.825_Source_y_0.825.txt,-0.825,0.900,-0.825,0.825
Vertical_velocity_4_Source_x_-0.75_Source_y_0.9.txt,-0.825,0.900,-0.750,0.900
mirror_Vertical_velocity_4_Source_x_0.75_Source_y_-0.9.txt,0.825,-0.900,0.750,-0.900
mirror_Vertical_velocity_4_Source_x_0.825_Source_y_-0.825.txt,0.825,-0.900,0.825,-0.825
mirror_Vertical_velocity_4_Source_x_0.9_Source_y_-0.9.txt,0.825,-0.900,0.900,-0.900
mirror_Vertical_velocity_4_Source_x_0.75_Source_y_0.9.txt,0.825,0.900,0.750,0.900
mirror_Vertical_velocity_4_Source_x_0.825_Source_y_0.825.txt,0.825,0.900,0.825,0.825
mirror_Vertical_velocity_4_Source_x_0.9_Source_y_0.9.txt,0.825,0.900,0.900,0.900
mirror_Vertical_velocity_5_Source_x_-0.75_Source_y_-0.9.txt,-0.675,-0.900,-0.750,-0.900
mirror_Vertical_velocity_5_Source_x_-0.675_Source_y_-0.825.txt,-0.675,-0.900,-0.675,-0.825
mirror_Vertical_velocity_5_Source_x_-0.6_Source_y_-0.9.txt,-0.675,-0.900,-0.600,-0.900
Vertical_velocity_5_Source_x_-0.75_Source_y_0.9.txt,-0.675,0.900,-0.750,0.900
Vertical_velocity_5_Source_x_-0.675_Source_y_0.825.txt,-0.675,0.900,-0.675,0.825
Vertical_velocity_5_Source_x_-0.6_Source_y_0.9.txt,-0.675,0.900,-0.600,0.900
mirror_Vertical_velocity_5_Source_x_0.6_Source_y_-0.9.txt,0.675,-0.900,0.600,-0.900
mirror_Vertical_velocity_5_Source_x_0.675_Source_y_-0.825.txt,0.675,-0.900,0.675,-0.825
mirror_Vertical_velocity_5_Source_x_0.75_Source_y_-0.9.txt,0.675,-0.900,0.750,-0.900
mirror_Vertical_velocity_5_Source_x_0.6_Source_y_0.9.txt,0.675,0.900,0.600,0.900
mirror_Vertical_velocity_5_Source_x_0.675_Source_y_0.825.txt,0.675,0.900,0.675,0.825
mirror_Vertical_velocity_5_Source_x_0.75_Source_y_0.9.txt,0.675,0.900,0.750,0.900
mirror_Vertical_velocity_6_Source_x_-0.6_Source_y_-0.9.txt,-0.525,-0.900,-0.600,-0.900
mirror_Vertical_velocity_6_Source_x_-0.525_Source_y_-0.825.txt,-0.525,-0.900,-0.525,-0.825
mirror_Vertical_velocity_6_Source_x_-0.45_Source_y_-0.9.txt,-0.525,-0.900,-0.450,-0.900
Vertical_velocity_6_Source_x_-0.6_Source_y_0.9.txt,-0.525,0.900,-0.600,0.900
Vertical_velocity_6_Source_x_-0.525_Source_y_0.825.txt,-0.525,0.900,-0.525,0.825
Vertical_velocity_6_Source_x_-0.45_Source_y_0.9.txt,-0.525,0.900,-0.450,0.900
mirror_Vertical_velocity_6_Source_x_0.45_Source_y_-0.9.txt,0.525,-0.900,0.450,-0.900
mirror_Vertical_velocity_6_Source_x_0.525_Source_y_-0.825.txt,0.525,-0.900,0.525,-0.825
mirror_Vertical_velocity_6_Source_x_0.6_Source_y_-0.9.txt,0.525,-0.900,0.600,-0.900
mirror_Vertical_velocity_6_Source_x_0.45_Source_y_0.9.txt,0.525,0.900,0.450,0.900
mirror_Vertical_velocity_6_Source_x_0.525_Source_y_0.825.txt,0.525,0.900,0.525,0.825
mirror_Vertical_velocity_6_Source_x_0.6_Source_y_0.9.txt,0.525,0.900,0.600,0.900
mirror_Vertical_velocity_7_Source_x_-0.45_Source_y_-0.9.txt,-0.375,-0.900,-0.450,-0.900
mirror_Vertical_velocity_7_Source_x_-0.375_Source_y_-0.825.txt,-0.375,-0.900,-0.375,-0.825
mirror_Vertical_velocity_7_Source_x_-0.3_Source_y_-0.9.txt,-0.375,-0.900,-0.300,-0.900
Vertical_velocity_7_Source_x_-0.45_Source_y_0.9.txt,-0.375,0.900,-0.450,0.900
Vertical_velocity_7_Source_x_-0.375_Source_y_0.825.txt,-0.375,0.900,-0.375,0.825
Vertical_velocity_7_Source_x_-0.3_Source_y_0.9.txt,-0.375,0.900,-0.300,0.900
mirror_Vertical_velocity_7_Source_x_0.3_Source_y_-0.9.txt,0.375,-0.900,0.300,-0.900
mirror_Vertical_velocity_7_Source_x_0.375_Source_y_-0.825.txt,0.375,-0.900,0.375,-0.825
mirror_Vertical_velocity_7_Source_x_0.45_Source_y_-0.9.txt,0.375,-0.900,0.450,-0.900
mirror_Vertical_velocity_7_Source_x_0.3_Source_y_0.9.txt,0.375,0.900,0.300,0.900
mirror_Vertical_velocity_7_Source_x_0.375_Source_y_0.825.txt,0.375,0.900,0.375,0.825
mirror_Vertical_velocity_7_Source_x_0.45_Source_y_0.9.txt,0.375,0.900,0.450,0.900
mirror_Vertical_velocity_8_Source_x_-0.3_Source_y_-0.9.txt,-0.225,-0.900,-0.300,-0.900
mirror_Vertical_velocity_8_Source_x_-0.225_Source_y_-0.825.txt,-0.225,-0.900,-0.225,-0.825
mirror_Vertical_velocity_8_Source_x_-0.15_Source_y_-0.9.txt,-0.225,-0.900,-0.150,-0.900
Vertical_velocity_8_Source_x_-0.3_Source_y_0.9.txt,-0.225,0.900,-0.300,0.900
Vertical_velocity_8_Source_x_-0.225_Source_y_0.825.txt,-0.225,0.900,-0.225,0.825
Vertical_velocity_8_Source_x_-0.15_Source_y_0.9.txt,-0.225,0.900,-0.150,0.900
mirror_Vertical_velocity_8_Source_x_0.15_Source_y_-0.9.txt,0.225,-0.900,0.150,-0.900
mirror_Vertical_velocity_8_Source_x_0.225_Source_y_-0.825.txt,0.225,-0.900,0.225,-0.825
mirror_Vertical_velocity_8_Source_x_0.3_Source_y_-0.9.txt,0.225,-0.900,0.300,-0.900
mirror_Vertical_velocity_8_Source_x_0.15_Source_y_0.9.txt,0.225,0.900,0.150,0.900
mirror_Vertical_velocity_8_Source_x_0.225_Source_y_0.825.txt,0.225,0.900,0.225,0.825
mirror_Vertical_velocity_8_Source_x_0.3_Source_y_0.9.txt,0.225,0.900,0.300,0.900
mirror_Vertical_velocity_9_Source_x_-0.15_Source_y_-0.9.txt,-0.075,-0.900,-0.150,-0.900
mirror_Vertical_velocity_9_Source_x_-0.075_Source_y_-0.825.txt,-0.075,-0.900,-0.075,-0.825
mirror_Vertical_velocity_9_Source_x_0_Source_y_-0.9.txt,-0.075,-0.900,0.000,-0.900
Vertical_velocity_9_Source_x_-0.15_Source_y_0.9.txt,-0.075,0.900,-0.150,0.900
Vertical_velocity_9_Source_x_-0.075_Source_y_0.825.txt,-0.075,0.900,-0.075,0.825
Vertical_velocity_9_Source_x_0_Source_y_0.9.txt,-0.075,0.900,0.000,0.900
mirror_Vertical_velocity_9_Source_x_-0_Source_y_-0.9.txt,0.075,-0.900,0.000,-0.900
mirror_Vertical_velocity_9_Source_x_0.075_Source_y_-0.825.txt,0.075,-0.900,0.075,-0.825
mirror_Vertical_velocity_9_Source_x_0.15_Source_y_-0.9.txt,0.075,-0.900,0.150,-0.900
mirror_Vertical_velocity_9_Source_x_-0_Source_y_0.9.txt,0.075,0.900,0.000,0.900
mirror_Vertical_velocity_9_Source_x_0.075_Source_y_0.825.txt,0.075,0.900,0.075,0.825
mirror_Vertical_velocity_9_Source_x_0.15_Source_y_0.9.txt,0.075,0.900,0.150,0.900
mirror_Vertical_velocity_10_Source_x_-1.35_Source_y_-0.9.txt,-1.350,-0.825,-1.350,-0.900
mirror_Vertical_velocity_10_Source_x_-1.35_Source_y_-0.75.txt,-1.350,-0.825,-1.350,-0.750
mirror_Vertical_velocity_10_Source_x_-1.27_Source_y_-0.825.txt,-1.350,-0.825,-1.275,-0.825
Vertical_velocity_10_Source_x_-1.35_Source_y_0.75.txt,-1.350,0.825,-1.350,0.750
Vertical_velocity_10_Source_x_-1.35_Source_y_0.9.txt,-1.350,0.825,-1.350,0.900
Vertical_velocity_10_Source_x_-1.275_Source_y_0.825.txt,-1.350,0.825,-1.275,0.825
mirror_Vertical_velocity_10_Source_x_1.27_Source_y_-0.825.txt,1.350,-0.825,1.275,-0.825
mirror_Vertical_velocity_10_Source_x_1.35_Source_y_-0.9.txt,1.350,-0.825,1.350,-0.900
mirror_Vertical_velocity_10_Source_x_1.35_Source_y_-0.75.txt,1.350,-0.825,1.350,-0.750
mirror_Vertical_velocity_10_Source_x_1.27_Source_y_0.825.txt,1.350,0.825,1.275,0.825
mirror_Vertical_velocity_10_Source_x_1.35_Source_y_0.75.txt,1.350,0.825,1.350,0.750
mirror_Vertical_velocity_10_Source_x_1.35_Source_y_0.9.txt,1.350,0.825,1.350,0.900
mirror_Vertical_velocity_11_Source_x_-1.27_Source_y_-0.825.txt,-1.200,-0.825,-1.275,-0.825
mirror_Vertical_velocity_11_Source_x_-1.2_Source_y_-0.9.txt,-1.200,-0.825,-1.200,-0.900
mirror_Vertical_velocity_11_Source_x_-1.2_Source_y_-0.75.txt,-1.200,-0.825,-1.200,-0.750
mirror_Vertical_velocity_11_Source_x_-1.12_Source_y_-0.825.txt,-1.200,-0.825,-1.125,-0.825
Vertical_velocity_11_Source_x_-1.275_Source_y_0.825.txt,-1.200,0.825,-1.275,0.825
Vertical_velocity_11_Source_x_-1.2_Source_y_0.75.txt,-1.200,0.825,-1.200,0.750
Vertical_velocity_11_Source_x_-1.2_Source_y_0.9.txt,-1.200,0.825,-1.200,0.900
Vertical_velocity_11_Source_x_-1.125_Source_y_0.825.txt,-1.200,0.825,-1.125,0.825
mirror_Vertical_velocity_11_Source_x_1.12_Source_y_-0.825.txt,1.200,-0.825,1.125,-0.825
mirror_Vertical_velocity_11_Source_x_1.2_Source_y_-0.9.txt,1.200,-0.825,1.200,-0.900
mirror_Vertical_velocity_11_Source_x_1.2_Source_y_-0.75.txt,1.200,-0.825,1.200,-0.750
mirror_Vertical_velocity_11_Source_x_1.27_Source_y_-0.825.txt,1.200,-0.825,1.275,-0.825
mirror_Vertical_velocity_11_Source_x_1.12_Source_y_0.825.txt,1.200,0.825,1.125,0.825
mirror_Vertical_velocity_11_Source_x_1.2_Source_y_0.75.txt,1.200,0.825,1.200,0.750
mirror_Vertical_velocity_11_Source_x_1.2_Source_y_0.9.txt,1.200,0.825,1.200,0.900
mirror_Vertical_velocity_11_Source_x_1.27_Source_y_0.825.txt,1.200,0.825,1.275,0.825
mirror_Vertical_velocity_12_Source_x_-1.12_Source_y_-0.825.txt,-1.050,-0.825,-1.125,-0.825
mirror_Vertical_velocity_12_Source_x_-1.05_Source_y_-0.9.txt,-1.050,-0.825,-1.050,-0.900
mirror_Vertical_velocity_12_Source_x_-1.05_Source_y_-0.75.txt,-1.050,-0.825,-1.050,-0.750
mirror_Vertical_velocity_12_Source_x_-0.975_Source_y_-0.825.txt,-1.050,-0.825,-0.975,-0.825
Vertical_velocity_12_Source_x_-1.125_Source_y_0.825.txt,-1.050,0.825,-1.125,0.825
Vertical_velocity_12_Source_x_-1.05_Source_y_0.75.txt,-1.050,0.825,-1.050,0.750
Vertical_velocity_12_Source_x_-1.05_Source_y_0.9.txt,-1.050,0.825,-1.050,0.900
Vertical_velocity_12_Source_x_-0.975_Source_y_0.825.txt,-1.050,0.825,-0.975,0.825
mirror_Vertical_velocity_12_Source_x_0.975_Source_y_-0.825.txt,1.050,-0.825,0.975,-0.825
mirror_Vertical_velocity_12_Source_x_1.05_Source_y_-0.9.txt,1.050,-0.825,1.050,-0.900
mirror_Vertical_velocity_12_Source_x_1.05_Source_y_-0.75.txt,1.050,-0.825,1.050,-0.750
mirror_Vertical_velocity_12_Source_x_1.12_Source_y_-0.825.txt,1.050,-0.825,1.125,-0.825
mirror_Vertical_velocity_12_Source_x_0.975_Source_y_0.825.txt,1.050,0.825,0.975,0.825
mirror_Vertical_velocity_12_Source_x_1.05_Source_y_0.75.txt,1.050,0.825,1.050,0.750
mirror_Vertical_velocity_12_Source_x_1.05_Source_y_0.9.txt,1.050,0.825,1.050,0.900
mirror_Vertical_velocity_12_Source_x_1.12_Source_y_0.825.txt,1.050,0.825,1.125,0.825
mirror_Vertical_velocity_13_Source_x_-0.975_Source_y_-0.825.txt,-0.900,-0.825,-0.975,-0.825
mirror_Vertical_velocity_13_Source_x_-0.9_Source_y_-0.9.txt,-0.900,-0.825,-0.900,-0.900
mirror_Vertical_velocity_13_Source_x_-0.9_Source_y_-0.75.txt,-0.900,-0.825,-0.900,-0.750
mirror_Vertical_velocity_13_Source_x_-0.825_Source_y_-0.825.txt,-0.900,-0.825,-0.825,-0.825
Vertical_velocity_13_Source_x_-0.975_Source_y_0.825.txt,-0.900,0.825,-0.975,0.825
Vertical_velocity_13_Source_x_-0.9_Source_y_0.75.txt,-0.900,0.825,-0.900,0.750
Vertical_velocity_13_Source_x_-0.9_Source_y_0.9.txt,-0.900,0.825,-0.900,0.900
Vertical_velocity_13_Source_x_-0.825_Source_y_0.825.txt,-0.900,0.825,-0.825,0.825
mirror_Vertical_velocity_13_Source_x_0.825_Source_y_-0.825.txt,0.900,-0.825,0.825,-0.825
mirror_Vertical_velocity_13_Source_x_0.9_Source_y_-0.9.txt,0.900,-0.825,0.900,-0.900
mirror_Vertical_velocity_13_Source_x_0.9_Source_y_-0.75.txt,0.900,-0.825,0.900,-0.750
mirror_Vertical_velocity_13_Source_x_0.975_Source_y_-0.825.txt,0.900,-0.825,0.975,-0.825
mirror_Vertical_velocity_13_Source_x_0.825_Source_y_0.825.txt,0.900,0.825,0.825,0.825
mirror_Vertical_velocity_13_Source_x_0.9_Source_y_0.75.txt,0.900,0.825,0.900,0.750
mirror_Vertical_velocity_13_Source_x_0.9_Source_y_0.9.txt,0.900,0.825,0.900,0.900
mirror_Vertical_velocity_13_Source_x_0.975_Source_y_0.825.txt,0.900,0.825,0.975,0.825
mirror_Vertical_velocity_14_Source_x_-0.825_Source_y_-0.825.txt,-0.750,-0.825,-0.825,-0.825
mirror_Vertical_velocity_14_Source_x_-0.75_Source_y_-0.9.txt,-0.750,-0.825,-0.750,-0.900
mirror_Vertical_velocity_14_Source_x_-0.75_Source_y_-0.75.txt,-0.750,-0.825,-0.750,-0.750
mirror_Vertical_velocity_14_Source_x_-0.675_Source_y_-0.825.txt,-0.750,-0.825,-0.675,-0.825
Vertical_velocity_14_Source_x_-0.825_Source_y_0.825.txt,-0.750,0.825,-0.825,0.825
Vertical_velocity_14_Source_x_-0.75_Source_y_0.75.txt,-0.750,0.825,-0.750,0.750
Vertical_velocity_14_Source_x_-0.75_Source_y_0.9.txt,-0.750,0.825,-0.750,0.900
Vertical_velocity_14_Source_x_-0.675_Source_y_0.825.txt,-0.750,0.825,-0.675,0.825
mirror_Vertical_velocity_14_Source_x_0.675_Source_y_-0.825.txt,0.750,-0.825,0.675,-0.825
mirror_Vertical_velocity_14_Source_x_0.75_Source_y_-0.9.txt,0.750,-0.825,0.750,-0.900
mirror_Vertical_velocity_14_Source_x_0.75_Source_y_-0.75.txt,0.750,-0.825,0.750,-0.750
mirror_Vertical_velocity_14_Source_x_0.825_Source_y_-0.825.txt,0.750,-0.825,0.825,-0.825
mirror_Vertical_velocity_14_Source_x_0.675_Source_y_0.825.txt,0.750,0.825,0.675,0.825
mirror_Vertical_velocity_14_Source_x_0.75_Source_y_0.75.txt,0.750,0.825,0.750,0.750
mirror_Vertical_velocity_14_Source_x_0.75_Source_y_0.9.txt,0.750,0.825,0.750,0.900
mirror_Vertical_velocity_14_Source_x_0.825_Source_y_0.825.txt,0.750,0.825,0.825,0.825
mirror_Vertical_velocity_15_Source_x_-0.675_Source_y_-0.825.txt,-0.600,-0.825,-0.675,-0.825
mirror_Vertical_velocity_15_Source_x_-0.6_Source_y_-0.9.txt,-0.600,-0.825,-0.600,-0.900
mirror_Vertical_velocity_15_Source_x_-0.6_Source_y_-0.75.txt,-0.600,-0.825,-0.600,-0.750
mirror_Vertical_velocity_15_Source_x_-0.525_Source_y_-0.825.txt,-0.600,-0.825,-0.525,-0.825
Vertical_velocity_15_Source_x_-0.675_Source_y_0.825.txt,-0.600,0.825,-0.675,0.825
Vertical_velocity_15_Source_x_-0.6_Source_y_0.75.txt,-0.600,0.825,-0.600,0.750
Vertical_velocity_15_Source_x_-0.6_Source_y_0.9.txt,-0.600,0.825,-0.600,0.900
Vertical_velocity_15_Source_x_-0.525_Source_y_0.825.txt,-0.600,0.825,-0.525,0.825
mirror_Vertical_velocity_15_Source_x_0.525_Source_y_-0.825.txt,0.600,-0.825,0.525,-0.825
mirror_Vertical_velocity_15_Source_x_0.6_Source_y_-0.9.txt,0.600,-0.825,0.600,-0.900
mirror_Vertical_velocity_15_Source_x_0.6_Source_y_-0.75.txt,0.600,-0.825,0.600,-0.750
mirror_Vertical_velocity_15_Source_x_0.675_Source_y_-0.825.txt,0.600,-0.825,0.675,-0.825
mirror_Vertical_velocity_15_Source_x_0.525_Source_y_0.825.txt,0.600,0.825,0.525,0.825
mirror_Vertical_velocity_15_Source_x_0.6_Source_y_0.75.txt,0.600,0.825,0.600,0.750
mirror_Vertical_velocity_15_Source_x_0.6_Source_y_0.9.txt,0.600,0.825,0.600,0.900
mirror_Vertical_velocity_15_Source_x_0.675_Source_y_0.825.txt,0.600,0.825,0.675,0.825
mirror_Vertical_velocity_16_Source_x_-0.525_Source_y_-0.825.txt,-0.450,-0.825,-0.525,-0.825
mirror_Vertical_velocity_16_Source_x_-0.45_Source_y_-0.9.txt,-0.450,-0.825,-0.450,-0.900
mirror_Vertical_velocity_16_Source_x_-0.45_Source_y_-0.75.txt,-0.450,-0.825,-0.450,-0.750
mirror_Vertical_velocity_16_Source_x_-0.375_Source_y_-0.825.txt,-0.450,-0.825,-0.375,-0.825
Vertical_velocity_16_Source_x_-0.525_Source_y_0.825.txt,-0.450,0.825,-0.525,0.825
Vertical_velocity_16_Source_x_-0.45_Source_y_0.75.txt,-0.450,0.825,-0.450,0.750
Vertical_velocity_16_Source_x_-0.45_Source_y_0.9.txt,-0.450,0.825,-0.450,0.900
Vertical_velocity_16_Source_x_-0.375_Source_y_0.825.txt,-0.450,0.825,-0.375,0.825
mirror_Vertical_velocity_16_Source_x_0.375_Source_y_-0.825.txt,0.450,-0.825,0.375,-0.825
mirror_Vertical_velocity_16_Source_x_0.45_Source_y_-0.9.txt,0.450,-0.825,0.450,-0.900
mirror_Vertical_velocity_16_Source_x_0.45_Source_y_-0.75.txt,0.450,-0.825,0.450,-0.750
mirror_Vertical_velocity_16_Source_x_0.525_Source_y_-0.825.txt,0.450,-0.825,0.525,-0.825
mirror_Vertical_velocity_16_Source_x_0.375_Source_y_0.825.txt,0.450,0.825,0.375,0.825
mirror_Vertical_velocity_16_Source_x_0.45_Source_y_0.75.txt,0.450,0.825,0.450,0.750
mirror_Vertical_velocity_16_Source_x_0.45_Source_y_0.9.txt,0.450,0.825,0.450,0.900
mirror_Vertical_velocity_16_Source_x_0.525_Source_y_0.825.txt,0.450,0.825,0.525,0.825
mirror_Vertical_velocity_17_Source_x_-0.375_Source_y_-0.825.txt,-0.300,-0.825,-0.375,-0.825
mirror_Vertical_velocity_17_Source_x_-0.3_Source_y_-0.9.txt,-0.300,-0.825,-0.300,-0.900
mirror_Vertical_velocity_17_Source_x_-0.3_Source_y_-0.75.txt,-0.300,-0.825,-0.300,-0.750
mirror_Vertical_velocity_17_Source_x_-0.225_Source_y_-0.825.txt,-0.300,-0.825,-0.225,-0.825
Vertical_velocity_17_Source_x_-0.375_Source_y_0.825.txt,-0.300,0.825,-0.375,0.825
Vertical_velocity_17_Source_x_-0.3_Source_y_0.75.txt,-0.300,0.825,-0.300,0.750
Vertical_velocity_17_Source_x_-0.3_Source_y_0.9.txt,-0.300,0.825,-0.300,0.900
Vertical_velocity_17_Source_x_-0.225_Source_y_0.825.txt,-0.300,0.825,-0.225,0.825
mirror_Vertical_velocity_17_Source_x_0.225_Source_y_-0.825.txt,0.300,-0.825,0.225,-0.825
mirror_Vertical_velocity_17_Source_x_0.3_Source_y_-0.9.txt,0.300,-0.825,0.300,-0.900
mirror_Vertical_velocity_17_Source_x_0.3_Source_y_-0.75.txt,0.300,-0.825,0.300,-0.750
mirror_Vertical_velocity_17_Source_x_0.375_Source_y_-0.825.txt,0.300,-0.825,0.375,-0.825
mirror_Vertical_velocity_17_Source_x_0.225_Source_y_0.825.txt,0.300,0.825,0.225,0.825
mirror_Vertical_velocity_17_Source_x_0.3_Source_y_0.75.txt,0.300,0.825,0.300,0.750
mirror_Vertical_velocity_17_Source_x_0.3_Source_y_0.9.txt,0.300,0.825,0.300,0.900
mirror_Vertical_velocity_17_Source_x_0.375_Source_y_0.825.txt,0.300,0.825,0.375,0.825
mirror_Vertical_velocity_18_Source_x_-0.225_Source_y_-0.825.txt,-0.150,-0.825,-0.225,-0.825
mirror_Vertical_velocity_18_Source_x_-0.15_Source_y_-0.9.txt,-0.150,-0.825,-0.150,-0.900
mirror_Vertical_velocity_18_Source_x_-0.15_Source_y_-0.75.txt,-0.150,-0.825,-0.150,-0.750
mirror_Vertical_velocity_18_Source_x_-0.075_Source_y_-0.825.txt,-0.150,-0.825,-0.075,-0.825
Vertical_velocity_18_Source_x_-0.225_Source_y_0.825.txt,-0.150,0.825,-0.225,0.825
Vertical_velocity_18_Source_x_-0.15_Source_y_0.75.txt,-0.150,0.825,-0.150,0.750
Vertical_velocity_18_Source_x_-0.15_Source_y_0.9.txt,-0.150,0.825,-0.150,0.900
Vertical_velocity_18_Source_x_-0.075_Source_y_0.825.txt,-0.150,0.825,-0.075,0.825
mirror_Vertical_velocity_18_Source_x_0.075_Source_y_-0.825.txt,0.150,-0.825,0.075,-0.825
mirror_Vertical_velocity_18_Source_x_0.15_Source_y_-0.9.txt,0.150,-0.825,0.150,-0.900
mirror_Vertical_velocity_18_Source_x_0.15_Source_y_-0.75.txt,0.150,-0.825,0.150,-0.750
mirror_Vertical_velocity_18_Source_x_0.225_Source_y_-0.825.txt,0.150,-0.825,0.225,-0.825
mirror_Vertical_velocity_18_Source_x_0.075_Source_y_0.825.txt,0.150,0.825,0.075,0.825
mirror_Vertical_velocity_18_Source_x_0.15_Source_y_0.75.txt,0.150,0.825,0.150,0.750
mirror_Vertical_velocity_18_Source_x_0.15_Source_y_0.9.txt,0.150,0.825,0.150,0.900
mirror_Vertical_velocity_18_Source_x_0.225_Source_y_0.825.txt,0.150,0.825,0.225,0.825
mirror_Vertical_velocity_19_Source_x_-0.075_Source_y_-0.825.txt,0.000,-0.825,-0.075,-0.825
mirror_Vertical_velocity_19_Source_x_0_Source_y_-0.9.txt,0.000,-0.825,0.000,-0.900
mirror_Vertical_velocity_19_Source_x_0_Source_y_-0.75.txt,0.000,-0.825,0.000,-0.750
mirror_Vertical_velocity_19_Source_x_0.075_Source_y_-0.825.txt,0.000,-0.825,0.075,-0.825
Vertical_velocity_19_Source_x_-0.075_Source_y_0.825.txt,0.000,0.825,-0.075,0.825
Vertical_velocity_19_Source_x_0_Source_y_0.75.txt,0.000,0.825,0.000,0.750
Vertical_velocity_19_Source_x_0_Source_y_0.9.txt,0.000,0.825,0.000,0.900
mirror_Vertical_velocity_19_Source_x_0.075_Source_y_0.825.txt,0.000,0.825,0.075,0.825
mirror_Vertical_velocity_20_Source_x_-1.35_Source_y_-0.75.txt,-1.275,-0.750,-1.350,-0.750
mirror_Vertical_velocity_20_Source_x_-1.27_Source_y_-0.825.txt,-1.275,-0.750,-1.275,-0.825
mirror_Vertical_velocity_20_Source_x_-1.27_Source_y_-0.675.txt,-1.275,-0.750,-1.275,-0.675
mirror_Vertical_velocity_20_Source_x_-1.2_Source_y_-0.75.txt,-1.275,-0.750,-1.200,-0.750
Vertical_velocity_20_Source_x_-1.35_Source_y_0.75.txt,-1.275,0.750,-1.350,0.750
Vertical_velocity_20_Source_x_-1.275_Source_y_0.675.txt,-1.275,0.750,-1.275,0.675
Vertical_velocity_20_Source_x_-1.275_Source_y_0.825.txt,-1.275,0.750,-1.275,0.825
Vertical_velocity_20_Source_x_-1.2_Source_y_0.75.txt,-1.275,0.750,-1.200,0.750
mirror_Vertical_velocity_20_Source_x_1.2_Source_y_-0.75.txt,1.275,-0.750,1.200,-0.750
mirror_Vertical_velocity_20_Source_x_1.27_Source_y_-0.825.txt,1.275,-0.750,1.275,-0.825
mirror_Vertical_velocity_20_Source_x_1.27_Source_y_-0.675.txt,1.275,-0.750,1.275,-0.675
mirror_Vertical_velocity_20_Source_x_1.35_Source_y_-0.75.txt,1.275,-0.750,1.350,-0.750
mirror_Vertical_velocity_20_Source_x_1.2_Source_y_0.75.txt,1.275,0.750,1.200,0.750
mirror_Vertical_velocity_20_Source_x_1.27_Source_y_0.675.txt,1.275,0.750,1.275,0.675
mirror_Vertical_velocity_20_Source_x_1.27_Source_y_0.825.txt,1.275,0.750,1.275,0.825
mirror_Vertical_velocity_20_Source_x_1.35_Source_y_0.75.txt,1.275,0.750,1.350,0.750
mirror_Vertical_velocity_21_Source_x_-1.2_Source_y_-0.75.txt,-1.125,-0.750,-1.200,-0.750
mirror_Vertical_velocity_21_Source_x_-1.12_Source_y_-0.825.txt,-1.125,-0.750,-1.125,-0.825
mirror_Vertical_velocity_21_Source_x_-1.12_Source_y_-0.675.txt,-1.125,-0.750,-1.125,-0.675
mirror_Vertical_velocity_21_Source_x_-1.05_Source_y_-0.75.txt,-1.125,-0.750,-1.050,-0.750
Vertical_velocity_21_Source_x_-1.2_Source_y_0.75.txt,-1.125,0.750,-1.200,0.750
Vertical_velocity_21_Source_x_-1.125_Source_y_0.675.txt,-1.125,0.750,-1.125,0.675
Vertical_velocity_21_Source_x_-1.125_Source_y_0.825.txt,-1.125,0.750,-1.125,0.825
Vertical_velocity_21_Source_x_-1.05_Source_y_0.75.txt,-1.125,0.750,-1.050,0.750
mirror_Vertical_velocity_21_Source_x_1.05_Source_y_-0.75.txt,1.125,-0.750,1.050,-0.750
mirror_Vertical_velocity_21_Source_x_1.12_Source_y_-0.825.txt,1.125,-0.750,1.125,-0.825
mirror_Vertical_velocity_21_Source_x_1.12_Source_y_-0.675.txt,1.125,-0.750,1.125,-0.675
mirror_Vertical_velocity_21_Source_x_1.2_Source_y_-0.75.txt,1.125,-0.750,1.200,-0.750
mirror_Vertical_velocity_21_Source_x_1.05_Source_y_0.75.txt,1.125,0.750,1.050,0.750
mirror_Vertical_velocity_21_Source_x_1.12_Source_y_0.675.txt,1.125,0.750,1.125,0.675
mirror_Vertical_velocity_21_Source_x_1.12_Source_y_0.825.txt,1.125,0.750,1.125,0.825
mirror_Vertical_velocity_21_Source_x_1.2_Source_y_0.75.txt,1.125,0.750,1.200,0.750
mirror_Vertical_velocity_22_Source_x_-1.05_Source_y_-0.75.txt,-0.975,-0.750,-1.050,-0.750
mirror_Vertical_velocity_22_Source_x_-0.975_Source_y_-0.825.txt,-0.975,-0.750,-0.975,-0.825
mirror_Vertical_velocity_22_Source_x_-0.975_Source_y_-0.675.txt,-0.975,-0.750,-0.975,-0.675
mirror_Vertical_velocity_22_Source_x_-0.9_Source_y_-0.75.txt,-0.975,-0.750,-0.900,-0.750
Vertical_velocity_22_Source_x_-1.05_Source_y_0.75.txt,-0.975,0.750,-1.050,0.750
Vertical_velocity_22_Source_x_-0.975_Source_y_0.675.txt,-0.975,0.750,-0.975,0.675
Vertical_velocity_22_Source_x_-0.975_Source_y_0.825.txt,-0.975,0.750,-0.975,0.825
Vertical_velocity_22_Source_x_-0.9_Source_y_0.75.txt,-0.975,0.750,-0.900,0.750
mirror_Vertical_velocity_22_Source_x_0.9_Source_y_-0.75.txt,0.975,-0.750,0.900,-0.750
mirror_Vertical_velocity_22_Source_x_0.975_Source_y_-0.825.txt,0.975,-0.750,0.975,-0.825
mirror_Vertical_velocity_22_Source_x_0.975_Source_y_-0.675.txt,0.975,-0.750,0.975,-0.675
mirror_Vertical_velocity_22_Source_x_1.05_Source_y_-0.75.txt,0.975,-0.750,1.050,-0.750
mirror_Vertical_velocity_22_Source_x_0.9_Source_y_0.75.txt,0.975,0.750,0.900,0.750
mirror_Vertical_velocity_22_Source_x_0.975_Source_y_0.675.txt,0.975,0.750,0.975,0.675
mirror_Vertical_velocity_22_Source_x_0.975_Source_y_0.825.txt,0.975,0.750,0.975,0.825
mirror_Vertical_velocity_22_Source_x_1.05_Source_y_0.75.txt,0.975,0.750,1.050,0.750
mirror_Vertical_velocity_23_Source_x_-0.9_Source_y_-0.75.txt,-0.825,-0.750,-0.900,-0.750
mirror_Vertical_velocity_23_Source_x_-0.825_Source_y_-0.825.txt,-0.825,-0.750,-0.825,-0.825
mirror_Vertical_velocity_23_Source_x_-0.825_Source_y_-0.675.txt,-0.825,-0.750,-0.825,-0.675
mirror_Vertical_velocity_23_Source_x_-0.75_Source_y_-0.75.txt,-0.825,-0.750,-0.750,-0.750
Vertical_velocity_23_Source_x_-0.9_Source_y_0.75.txt,-0.825,0.750,-0.900,0.750
Vertical_velocity_23_Source_x_-0.825_Source_y_0.675.txt,-0.825,0.750,-0.825,0.675
Vertical_velocity_23_Source_x_-0.825_Source_y_0.825.txt,-0.825,0.750,-0.825,0.825
Vertical_velocity_23_Source_x_-0.75_Source_y_0.75.txt,-0.825,0.750,-0.750,0.750
mirror_Vertical_velocity_23_Source_x_0.75_Source_y_-0.75.txt,0.825,-0.750,0.750,-0.750
mirror_Vertical_velocity_23_Source_x_0.825_Source_y_-0.825.txt,0.825,-0.750,0.825,-0.825
mirror_Vertical_velocity_23_Source_x_0.825_Source_y_-0.675.txt,0.825,-0.750,0.825,-0.675
mirror_Vertical_velocity_23_Source_x_0.9_Source_y_-0.75.txt,0.825,-0.750,0.900,-0.750
mirror_Vertical_velocity_23_Source_x_0.75_Source_y_0.75.txt,0.825,0.750,0.750,0.750
mirror_Vertical_velocity_23_Source_x_0.825_Source_y_0.675.txt,0.825,0.750,0.825,0.675
mirror_Vertical_velocity_23_Source_x_0.825_Source_y_0.825.txt,0.825,0.750,0.825,0.825
mirror_Vertical_velocity_23_Source_x_0.9_Source_y_0.75.txt,0.825,0.750,0.900,0.750
mirror_Vertical_velocity_24_Source_x_-0.75_Source_y_-0.75.txt,-0.675,-0.750,-0.750,-0.750
mirror_Vertical_velocity_24_Source_x_-0.675_Source_y_-0.825.txt,-0.675,-0.750,-0.675,-0.825
mirror_Vertical_velocity_24_Source_x_-0.675_Source_y_-0.675.txt,-0.675,-0.750,-0.675,-0.675
mirror_Vertical_velocity_24_Source_x_-0.6_Source_y_-0.75.txt,-0.675,-0.750,-0.600,-0.750
Vertical_velocity_24_Source_x_-0.75_Source_y_0.75.txt,-0.675,0.750,-0.750,0.750
Vertical_velocity_24_Source_x_-0.675_Source_y_0.675.txt,-0.675,0.750,-0.675,0.675
Vertical_velocity_24_Source_x_-0.675_Source_y_0.825.txt,-0.675,0.750,-0.675,0.825
Vertical_velocity_24_Source_x_-0.6_Source_y_0.75.txt,-0.675,0.750,-0.600,0.750
mirror_Vertical_velocity_24_Source_x_0.6_Source_y_-0.75.txt,0.675,-0.750,0.600,-0.750
mirror_Vertical_velocity_24_Source_x_0.675_Source_y_-0.825.txt,0.675,-0.750,0.675,-0.825
mirror_Vertical_velocity_24_Source_x_0.675_Source_y_-0.675.txt,0.675,-0.750,0.675,-0.675
mirror_Vertical_velocity_24_Source_x_0.75_Source_y_-0.75.txt,0.675,-0.750,0.750,-0.750
mirror_Vertical_velocity_24_Source_x_0.6_Source_y_0.75.txt,0.675,0.750,0.600,0.750
mirror_Vertical_velocity_24_Source_x_0.675_Source_y_0.675.txt,0.675,0.750,0.675,0.675
mirror_Vertical_velocity_24_Source_x_0.675_Source_y_0.825.txt,0.675,0.750,0.675,0.825
mirror_Vertical_velocity_24_Source_x_0.75_Source_y_0.75.txt,0.675,0.750,0.750,0.750
mirror_Vertical_velocity_25_Source_x_-0.6_Source_y_-0.75.txt,-0.525,-0.750,-0.600,-0.750
mirror_Vertical_velocity_25_Source_x_-0.525_Source_y_-0.825.txt,-0.525,-0.750,-0.525,-0.825
mirror_Vertical_velocity_25_Source_x_-0.525_Source_y_-0.675.txt,-0.525,-0.750,-0.525,-0.675
mirror_Vertical_velocity_25_Source_x_-0.45_Source_y_-0.75.txt,-0.525,-0.750,-0.450,-0.750
Vertical_velocity_25_Source_x_-0.6_Source_y_0.75.txt,-0.525,0.750,-0.600,0.750
Vertical_velocity_25_Source_x_-0.525_Source_y_0.675.txt,-0.525,0.750,-0.525,0.675
Vertical_velocity_25_Source_x_-0.525_Source_y_0.825.txt,-0.525,0.750,-0.525,0.825
Vertical_velocity_25_Source_x_-0.45_Source_y_0.75.txt,-0.525,0.750,-0.450,0.750
mirror_Vertical_velocity_25_Source_x_0.45_Source_y_-0.75.txt,0.525,-0.750,0.450,-0.750
mirror_Vertical_velocity_25_Source_x_0.525_Source_y_-0.825.txt,0.525,-0.750,0.525,-0.825
mirror_Vertical_velocity_25_Source_x_0.525_Source_y_-0.675.txt,0.525,-0.750,0.525,-0.675
mirror_Vertical_velocity_25_Source_x_0.6_Source_y_-0.75.txt,0.525,-0.750,0.600,-0.750
mirror_Vertical_velocity_25_Source_x_0.45_Source_y_0.75.txt,0.525,0.750,0.450,0.750
mirror_Vertical_velocity_25_Source_x_0.525_Source_y_0.675.txt,0.525,0.750,0.525,0.675
mirror_Vertical_velocity_25_Source_x_0.525_Source_y_0.825.txt,0.525,0.750,0.525,0.825
mirror_Vertical_velocity_25_Source_x_0.6_Source_y_0.75.txt,0.525,0.750,0.600,0.750
mirror_Vertical_velocity_26_Source_x_-0.45_Source_y_-0.75.txt,-0.375,-0.750,-0.450,-0.750
mirror_Vertical_velocity_26_Source_x_-0.375_Source_y_-0.825.txt,-0.375,-0.750,-0.375,-0.825
mirror_Vertical_velocity_26_Source_x_-0.375_Source_y_-0.675.txt,-0.375,-0.750,-0.375,-0.675
mirror_Vertical_velocity_26_Source_x_-0.3_Source_y_-0.75.txt,-0.375,-0.750,-0.300,-0.750
Vertical_velocity_26_Source_x_-0.45_Source_y_0.75.txt,-0.375,0.750,-0.450,0.750
Vertical_velocity_26_Source_x_-0.375_Source_y_0.675.txt,-0.375,0.750,-0.375,0.675
Vertical_velocity_26_Source_x_-0.375_Source_y_0.825.txt,-0.375,0.750,-0.375,0.825
Vertical_velocity_26_Source_x_-0.3_Source_y_0.75.txt,-0.375,0.750,-0.300,0.750
mirror_Vertical_velocity_26_Source_x_0.3_Source_y_-0.75.txt,0.375,-0.750,0.300,-0.750
mirror_Vertical_velocity_26_Source_x_0.375_Source_y_-0.825.txt,0.375,-0.750,0.375,-0.825
mirror_Vertical_velocity_26_Source_x_0.375_Source_y_-0.675.txt,0.375,-0.750,0.375,-0.675
mirror_Vertical_velocity_26_Source_x_0.45_Source_y_-0.75.txt,0.375,-0.750,0.450,-0.750
mirror_Vertical_velocity_26_Source_x_0.3_Source_y_0.75.txt,0.375,0.750,0.300,0.750
mirror_Vertical_velocity_26_Source_x_0.375_Source_y_0.675.txt,0.375,0.750,0.375,0.675
mirror_Vertical_velocity_26_Source_x_0.375_Source_y_0.825.txt,0.375,0.750,0.375,0.825
mirror_Vertical_velocity_26_Source_x_0.45_Source_y_0.75.txt,0.375,0.750,0.450,0.750
mirror_Vertical_velocity_27_Source_x_-0.3_Source_y_-0.75.txt,-0.225,-0.750,-0.300,-0.750
mirror_Vertical_velocity_27_Source_x_-0.225_Source_y_-0.825.txt,-0.225,-0.750,-0.225,-0.825
mirror_Vertical_velocity_27_Source_x_-0.225_Source_y_-0.675.txt,-0.225,-0.750,-0.225,-0.675
mirror_Vertical_velocity_27_Source_x_-0.15_Source_y_-0.75.txt,-0.225,-0.750,-0.150,-0.750
Vertical_velocity_27_Source_x_-0.3_Source_y_0.75.txt,-0.225,0.750,-0.300,0.750
Vertical_velocity_27_Source_x_-0.225_Source_y_0.675.txt,-0.225,0.750,-0.225,0.675
Vertical_velocity_27_Source_x_-0.225_Source_y_0.825.txt,-0.225,0.750,-0.225,0.825
Vertical_velocity_27_Source_x_-0.15_Source_y_0.75.txt,-0.225,0.750,-0.150,0.750
mirror_Vertical_velocity_27_Source_x_0.15_Source_y_-0.75.txt,0.225,-0.750,0.150,-0.750
mirror_Vertical_velocity_27_Source_x_0.225_Source_y_-0.825.txt,0.225,-0.750,0.225,-0.825
mirror_Vertical_velocity_27_Source_x_0.225_Source_y_-0.675.txt,0.225,-0.750,0.225,-0.675
mirror_Vertical_velocity_27_Source_x_0.3_Source_y_-0.75.txt,0.225,-0.750,0.300,-0.750
mirror_Vertical_velocity_27_Source_x_0.15_Source_y_0.75.txt,0.225,0.750,0.150,0.750
mirror_Vertical_velocity_27_Source_x_0.225_Source_y_0.675.txt,0.225,0.750,0.225,0.675
mirror_Vertical_velocity_27_Source_x_0.225_Source_y_0.825.txt,0.225,0.750,0.225,0.825
mirror_Vertical_velocity_27_Source_x_0.3_Source_y_0.75.txt,0.225,0.750,0.300,0.750
mirror_Vertical_velocity_28_Source_x_-0.15_Source_y_-0.75.txt,-0.075,-0.750,-0.150,-0.750
mirror_Vertical_velocity_28_Source_x_-0.075_Source_y_-0.825.txt,-0.075,-0.750,-0.075,-0.825
mirror_Vertical_velocity_28_Source_x_-0.075_Source_y_-0.675.txt,-0.075,-0.750,-0.075,-0.675
mirror_Vertical_velocity_28_Source_x_0_Source_y_-0.75.txt,-0.075,-0.750,0.000,-0.750
Vertical_velocity_28_Source_x_-0.15_Source_y_0.75.txt,-0.075,0.750,-0.150,0.750
Vertical_velocity_28_Source_x_-0.075_Source_y_0.675.txt,-0.075,0.750,-0.075,0.675
Vertical_velocity_28_Source_x_-0.075_Source_y_0.825.txt,-0.075,0.750,-0.075,0.825
Vertical_velocity_28_Source_x_0_Source_y_0.75.txt,-0.075,0.750,0.000,0.750
mirror_Vertical_velocity_28_Source_x_-0_Source_y_-0.75.txt,0.075,-0.750,0.000,-0.750
mirror_Vertical_velocity_28_Source_x_0.075_Source_y_-0.825.txt,0.075,-0.750,0.075,-0.825
mirror_Vertical_velocity_28_Source_x_0.075_Source_y_-0.675.txt,0.075,-0.750,0.075,-0.675
mirror_Vertical_velocity_28_Source_x_0.15_Source_y_-0.75.txt,0.075,-0.750,0.150,-0.750
mirror_Vertical_velocity_28_Source_x_-0_Source_y_0.75.txt,0.075,0.750,0.000,0.750
mirror_Vertical_velocity_28_Source_x_0.075_Source_y_0.675.txt,0.075,0.750,0.075,0.675
mirror_Vertical_velocity_28_Source_x_0.075_Source_y_0.825.txt,0.075,0.750,0.075,0.825
mirror_Vertical_velocity_28_Source_x_0.15_Source_y_0.75.txt,0.075,0.750,0.150,0.750
mirror_Vertical_velocity_29_Source_x_-1.35_Source_y_-0.75.txt,-1.350,-0.675,-1.350,-0.750
mirror_Vertical_velocity_29_Source_x_-1.35_Source_y_-0.6.txt,-1.350,-0.675,-1.350,-0.600
mirror_Vertical_velocity_29_Source_x_-1.27_Source_y_-0.675.txt,-1.350,-0.675,-1.275,-0.675
Vertical_velocity_29_Source_x_-1.35_Source_y_0.6.txt,-1.350,0.675,-1.350,0.600
Vertical_velocity_29_Source_x_-1.35_Source_y_0.75.txt,-1.350,0.675,-1.350,0.750
Vertical_velocity_29_Source_x_-1.275_Source_y_0.675.txt,-1.350,0.675,-1.275,0.675
mirror_Vertical_velocity_29_Source_x_1.27_Source_y_-0.675.txt,1.350,-0.675,1.275,-0.675
mirror_Vertical_velocity_29_Source_x_1.35_Source_y_-0.75.txt,1.350,-0.675,1.350,-0.750
mirror_Vertical_velocity_29_Source_x_1.35_Source_y_-0.6.txt,1.350,-0.675,1.350,-0.600
mirror_Vertical_velocity_29_Source_x_1.27_Source_y_0.675.txt,1.350,0.675,1.275,0.675
mirror_Vertical_velocity_29_Source_x_1.35_Source_y_0.6.txt,1.350,0.675,1.350,0.600
mirror_Vertical_velocity_29_Source_x_1.35_Source_y_0.75.txt,1.350,0.675,1.350,0.750
mirror_Vertical_velocity_30_Source_x_-1.27_Source_y_-0.675.txt,-1.200,-0.675,-1.275,-0.675
mirror_Vertical_velocity_30_Source_x_-1.2_Source_y_-0.75.txt,-1.200,-0.675,-1.200,-0.750
mirror_Vertical_velocity_30_Source_x_-1.2_Source_y_-0.6.txt,-1.200,-0.675,-1.200,-0.600
mirror_Vertical_velocity_30_Source_x_-1.12_Source_y_-0.675.txt,-1.200,-0.675,-1.125,-0.675
Vertical_velocity_30_Source_x_-1.275_Source_y_0.675.txt,-1.200,0.675,-1.275,0.675
Vertical_velocity_30_Source_x_-1.2_Source_y_0.6.txt,-1.200,0.675,-1.200,0.600
Vertical_velocity_30_Source_x_-1.2_Source_y_0.75.txt,-1.200,0.675,-1.200,0.750
Vertical_velocity_30_Source_x_-1.125_Source_y_0.675.txt,-1.200,0.675,-1.125,0.675
mirror_Vertical_velocity_30_Source_x_1.12_Source_y_-0.675.txt,1.200,-0.675,1.125,-0.675
mirror_Vertical_velocity_30_Source_x_1.2_Source_y_-0.75.txt,1.200,-0.675,1.200,-0.750
mirror_Vertical_velocity_30_Source_x_1.2_Source_y_-0.6.txt,1.200,-0.675,1.200,-0.600
mirror_Vertical_velocity_30_Source_x_1.27_Source_y_-0.675.txt,1.200,-0.675,1.275,-0.675
mirror_Vertical_velocity_30_Source_x_1.12_Source_y_0.675.txt,1.200,0.675,1.125,0.675
mirror_Vertical_velocity_30_Source_x_1.2_Source_y_0.6.txt,1.200,0.675,1.200,0.600
mirror_Vertical_velocity_30_Source_x_1.2_Source_y_0.75.txt,1.200,0.675,1.200,0.750
mirror_Vertical_velocity_30_Source_x_1.27_Source_y_0.675.txt,1.200,0.675,1.275,0.675
mirror_Vertical_velocity_31_Source_x_-1.12_Source_y_-0.675.txt,-1.050,-0.675,-1.125,-0.675
mirror_Vertical_velocity_31_Source_x_-1.05_Source_y_-0.75.txt,-1.050,-0.675,-1.050,-0.750
mirror_Vertical_velocity_31_Source_x_-1.05_Source_y_-0.6.txt,-1.050,-0.675,-1.050,-0.600
mirror_Vertical_velocity_31_Source_x_-0.975_Source_y_-0.675.txt,-1.050,-0.675,-0.975,-0.675
Vertical_velocity_31_Source_x_-1.125_Source_y_0.675.txt,-1.050,0.675,-1.125,0.675
Vertical_velocity_31_Source_x_-1.05_Source_y_0.6.txt,-1.050,0.675,-1.050,0.600
Vertical_velocity_31_Source_x_-1.05_Source_y_0.75.txt,-1.050,0.675,-1.050,0.750
Vertical_velocity_31_Source_x_-0.975_Source_y_0.675.txt,-1.050,0.675,-0.975,0.675
mirror_Vertical_velocity_31_Source_x_0.975_Source_y_-0.675.txt,1.050,-0.675,0.975,-0.675
mirror_Vertical_velocity_31_Source_x_1.05_Source_y_-0.75.txt,1.050,-0.675,1.050,-0.750
mirror_Vertical_velocity_31_Source_x_1.05_Source_y_-0.6.txt,1.050,-0.675,1.050,-0.600
mirror_Vertical_velocity_31_Source_x_1.12_Source_y_-0.675.txt,1.050,-0.675,1.125,-0.675
mirror_Vertical_velocity_31_Source_x_0.975_Source_y_0.675.txt,1.050,0.675,0.975,0.675
mirror_Vertical_velocity_31_Source_x_1.05_Source_y_0.6.txt,1.050,0.675,1.050,0.600
mirror_Vertical_velocity_31_Source_x_1.05_Source_y_0.75.txt,1.050,0.675,1.050,0.750
mirror_Vertical_velocity_31_Source_x_1.12_Source_y_0.675.txt,1.050,0.675,1.125,0.675
mirror_Vertical_velocity_32_Source_x_-0.975_Source_y_-0.675.txt,-0.900,-0.675,-0.975,-0.675
mirror_Vertical_velocity_32_Source_x_-0.9_Source_y_-0.75.txt,-0.900,-0.675,-0.900,-0.750
mirror_Vertical_velocity_32_Source_x_-0.9_Source_y_-0.6.txt,-0.900,-0.675,-0.900,-0.600
mirror_Vertical_velocity_32_Source_x_-0.825_Source_y_-0.675.txt,-0.900,-0.675,-0.825,-0.675
Vertical_velocity_32_Source_x_-0.975_Source_y_0.675.txt,-0.900,0.675,-0.975,0.675
Vertical_velocity_32_Source_x_-0.9_Source_y_0.6.txt,-0.900,0.675,-0.900,0.600
Vertical_velocity_32_Source_x_-0.9_Source_y_0.75.txt,-0.900,0.675,-0.900,0.750
Vertical_velocity_32_Source_x_-0.825_Source_y_0.675.txt,-0.900,0.675,-0.825,0.675
mirror_Vertical_velocity_32_Source_x_0.825_Source_y_-0.675.txt,0.900,-0.675,0.825,-0.675
mirror_Vertical_velocity_32_Source_x_0.9_Source_y_-0.75.txt,0.900,-0.675,0.900,-0.750
mirror_Vertical_velocity_32_Source_x_0.9_Source_y_-0.6.txt,0.900,-0.675,0.900,-0.600
mirror_Vertical_velocity_32_Source_x_0.975_Source_y_-0.675.txt,0.900,-0.675,0.975,-0.675
mirror_Vertical_velocity_32_Source_x_0.825_Source_y_0.675.txt,0.900,0.675,0.825,0.675
mirror_Vertical_velocity_32_Source_x_0.9_Source_y_0.6.txt,0.900,0.675,0.900,0.600
mirror_Vertical_velocity_32_Source_x_0.9_Source_y_0.75.txt,0.900,0.675,0.900,0.750
mirror_Vertical_velocity_32_Source_x_0.975_Source_y_0.675.txt,0.900,0.675,0.975,0.675
mirror_Vertical_velocity_33_Source_x_-0.825_Source_y_-0.675.txt,-0.750,-0.675,-0.825,-0.675
mirror_Vertical_velocity_33_Source_x_-0.75_Source_y_-0.75.txt,-0.750,-0.675,-0.750,-0.750
mirror_Vertical_velocity_33_Source_x_-0.75_Source_y_-0.6.txt,-0.750,-0.675,-0.750,-0.600
mirror_Vertical_velocity_33_Source_x_-0.675_Source_y_-0.675.txt,-0.750,-0.675,-0.675,-0.675
Vertical_velocity_33_Source_x_-0.825_Source_y_0.675.txt,-0.750,0.675,-0.825,0.675
Vertical_velocity_33_Source_x_-0.75_Source_y_0.6.txt,-0.750,0.675,-0.750,0.600
Vertical_velocity_33_Source_x_-0.75_Source_y_0.75.txt,-0.750,0.675,-0.750,0.750
Vertical_velocity_33_Source_x_-0.675_Source_y_0.675.txt,-0.750,0.675,-0.675,0.675
mirror_Vertical_velocity_33_Source_x_0.675_Source_y_-0.675.txt,0.750,-0.675,0.675,-0.675
mirror_Vertical_velocity_33_Source_x_0.75_Source_y_-0.75.txt,0.750,-0.675,0.750,-0.750
mirror_Vertical_velocity_33_Source_x_0.75_Source_y_-0.6.txt,0.750,-0.675,0.750,-0.600
mirror_Vertical_velocity_33_Source_x_0.825_Source_y_-0.675.txt,0.750,-0.675,0.825,-0.675
mirror_Vertical_velocity_33_Source_x_0.675_Source_y_0.675.txt,0.750,0.675,0.675,0.675
mirror_Vertical_velocity_33_Source_x_0.75_Source_y_0.6.txt,0.750,0.675,0.750,0.600
mirror_Vertical_velocity_33_Source_x_0.75_Source_y_0.75.txt,0.750,0.675,0.750,0.750
mirror_Vertical_velocity_33_Source_x_0.825_Source_y_0.675.txt,0.750,0.675,0.825,0.675
mirror_Vertical_velocity_34_Source_x_-0.675_Source_y_-0.675.txt,-0.600,-0.675,-0.675,-0.675
mirror_Vertical_velocity_34_Source_x_-0.6_Source_y_-0.75.txt,-0.600,-0.675,-0.600,-0.750
mirror_Vertical_velocity_34_Source_x_-0.6_Source_y_-0.6.txt,-0.600,-0.675,-0.600,-0.600
mirror_Vertical_velocity_34_Source_x_-0.525_Source_y_-0.675.txt,-0.600,-0.675,-0.525,-0.675
Vertical_velocity_34_Source_x_-0.675_Source_y_0.675.txt,-0.600,0.675,-0.675,0.675
Vertical_velocity_34_Source_x_-0.6_Source_y_0.6.txt,-0.600,0.675,-0.600,0.600
Vertical_velocity_34_Source_x_-0.6_Source_y_0.75.txt,-0.600,0.675,-0.600,0.750
Vertical_velocity_34_Source_x_-0.525_Source_y_0.675.txt,-0.600,0.675,-0.525,0.675
mirror_Vertical_velocity_34_Source_x_0.525_Source_y_-0.675.txt,0.600,-0.675,0.525,-0.675
mirror_Vertical_velocity_34_Source_x_0.6_Source_y_-0.75.txt,0.600,-0.675,0.600,-0.750
mirror_Vertical_velocity_34_Source_x_0.6_Source_y_-0.6.txt,0.600,-0.675,0.600,-0.600
mirror_Vertical_velocity_34_Source_x_0.675_Source_y_-0.675.txt,0.600,-0.675,0.675,-0.675
mirror_Vertical_velocity_34_Source_x_0.525_Source_y_0.675.txt,0.600,0.675,0.525,0.675
mirror_Vertical_velocity_34_Source_x_0.6_Source_y_0.6.txt,0.600,0.675,0.600,0.600
mirror_Vertical_velocity_34_Source_x_0.6_Source_y_0.75.txt,0.600,0.675,0.600,0.750
mirror_Vertical_velocity_34_Source_x_0.675_Source_y_0.675.txt,0.600,0.675,0.675,0.675
mirror_Vertical_velocity_35_Source_x_-0.525_Source_y_-0.675.txt,-0.450,-0.675,-0.525,-0.675
mirror_Vertical_velocity_35_Source_x_-0.45_Source_y_-0.75.txt,-0.450,-0.675,-0.450,-0.750
mirror_Vertical_velocity_35_Source_x_-0.45_Source_y_-0.6.txt,-0.450,-0.675,-0.450,-0.600
mirror_Vertical_velocity_35_Source_x_-0.375_Source_y_-0.675.txt,-0.450,-0.675,-0.375,-0.675
Vertical_velocity_35_Source_x_-0.525_Source_y_0.675.txt,-0.450,0.675,-0.525,0.675
Vertical_velocity_35_Source_x_-0.45_Source_y_0.6.txt,-0.450,0.675,-0.450,0.600
Vertical_velocity_35_Source_x_-0.45_Source_y_0.75.txt,-0.450,0.675,-0.450,0.750
Vertical_velocity_35_Source_x_-0.375_Source_y_0.675.txt,-0.450,0.675,-0.375,0.675
mirror_Vertical_velocity_35_Source_x_0.375_Source_y_-0.675.txt,0.450,-0.675,0.375,-0.675
mirror_Vertical_velocity_35_Source_x_0.45_Source_y_-0.75.txt,0.450,-0.675,0.450,-0.750
mirror_Vertical_velocity_35_Source_x_0.45_Source_y_-0.6.txt,0.450,-0.675,0.450,-0.600
mirror_Vertical_velocity_35_Source_x_0.525_Source_y_-0.675.txt,0.450,-0.675,0.525,-0.675
mirror_Vertical_velocity_35_Source_x_0.375_Source_y_0.675.txt,0.450,0.675,0.375,0.675
mirror_Vertical_velocity_35_Source_x_0.45_Source_y_0.6.txt,0.450,0.675,0.450,0.600
mirror_Vertical_velocity_35_Source_x_0.45_Source_y_0.75.txt,0.450,0.675,0.450,0.750
mirror_Vertical_velocity_35_Source_x_0.525_Source_y_0.675.txt,0.450,0.675,0.525,0.675
mirror_Vertical_velocity_36_Source_x_-0.375_Source_y_-0.675.txt,-0.300,-0.675,-0.375,-0.675
mirror_Vertical_velocity_36_Source_x_-0.3_Source_y_-0.75.txt,-0.300,-0.675,-0.300,-0.750
mirror_Vertical_velocity_36_Source_x_-0.3_Source_y_-0.6.txt,-0.300,-0.675,-0.300,-0.600
mirror_Vertical_velocity_36_Source_x_-0.225_Source_y_-0.675.txt,-0.300,-0.675,-0.225,-0.675
Vertical_velocity_36_Source_x_-0.375_Source_y_0.675.txt,-0.300,0.675,-0.375,0.675
Vertical_velocity_36_Source_x_-0.3_Source_y_0.6.txt,-0.300,0.675,-0.300,0.600
Vertical_velocity_36_Source_x_-0.3_Source_y_0.75.txt,-0.300,0.675,-0.300,0.750
Vertical_velocity_36_Source_x_-0.225_Source_y_0.675.txt,-0.300,0.675,-0.225,0.675
mirror_Vertical_velocity_36_Source_x_0.225_Source_y_-0.675.txt,0.300,-0.675,0.225,-0.675
mirror_Vertical_velocity_36_Source_x_0.3_Source_y_-0.75.txt,0.300,-0.675,0.300,-0.750
mirror_Vertical_velocity_36_Source_x_0.3_Source_y_-0.6.txt,0.300,-0.675,0.300,-0.600
mirror_Vertical_velocity_36_Source_x_0.375_Source_y_-0.675.txt,0.300,-0.675,0.375,-0.675
mirror_Vertical_velocity_36_Source_x_0.225_Source_y_0.675.txt,0.300,0.675,0.225,0.675
mirror_Vertical_velocity_36_Source_x_0.3_Source_y_0.6.txt,0.300,0.675,0.300,0.600
mirror_Vertical_velocity_36_Source_x_0.3_Source_y_0.75.txt,0.300,0.675,0.300,0.750
mirror_Vertical_velocity_36_Source_x_0.375_Source_y_0.675.txt,0.300,0.675,0.375,0.675
mirror_Vertical_velocity_37_Source_x_-0.225_Source_y_-0.675.txt,-0.150,-0.675,-0.225,-0.675
mirror_Vertical_velocity_37_Source_x_-0.15_Source_y_-0.75.txt,-0.150,-0.675,-0.150,-0.750
mirror_Vertical_velocity_37_Source_x_-0.15_Source_y_-0.6.txt,-0.150,-0.675,-0.150,-0.600
mirror_Vertical_velocity_37_Source_x_-0.075_Source_y_-0.675.txt,-0.150,-0.675,-0.075,-0.675
Vertical_velocity_37_Source_x_-0.225_Source_y_0.675.txt,-0.150,0.675,-0.225,0.675
Vertical_velocity_37_Source_x_-0.15_Source_y_0.6.txt,-0.150,0.675,-0.150,0.600
Vertical_velocity_37_Source_x_-0.15_Source_y_0.75.txt,-0.150,0.675,-0.150,0.750
Vertical_velocity_37_Source_x_-0.075_Source_y_0.675.txt,-0.150,0.675,-0.075,0.675
mirror_Vertical_velocity_37_Source_x_0.075_Source_y_-0.675.txt,0.150,-0.675,0.075,-0.675
mirror_Vertical_velocity_37_Source_x_0.15_Source_y_-0.75.txt,0.150,-0.675,0.150,-0.750
mirror_Vertical_velocity_37_Source_x_0.15_Source_y_-0.6.txt,0.150,-0.675,0.150,-0.600
mirror_Vertical_velocity_37_Source_x_0.225_Source_y_-0.675.txt,0.150,-0.675,0.225,-0.675
mirror_Vertical_velocity_37_Source_x_0.075_Source_y_0.675.txt,0.150,0.675,0.075,0.675
mirror_Vertical_velocity_37_Source_x_0.15_Source_y_0.6.txt,0.150,0.675,0.150,0.600
mirror_Vertical_velocity_37_Source_x_0.15_Source_y_0.75.txt,0.150,0.675,0.150,0.750
mirror_Vertical_velocity_37_Source_x_0.225_Source_y_0.675.txt,0.150,0.675,0.225,0.675
mirror_Vertical_velocity_38_Source_x_-0.075_Source_y_-0.675.txt,0.000,-0.675,-0.075,-0.675
mirror_Vertical_velocity_38_Source_x_0_Source_y_-0.75.txt,0.000,-0.675,0.000,-0.750
mirror_Vertical_velocity_38_Source_x_0_Source_y_-0.6.txt,0.000,-0.675,0.000,-0.600
mirror_Vertical_velocity_38_Source_x_0.075_Source_y_-0.675.txt,0.000,-0.675,0.075,-0.675
Vertical_velocity_38_Source_x_-0.075_Source_y_0.675.txt,0.000,0.675,-0.075,0.675
Vertical_velocity_38_Source_x_0_Source_y_0.6.txt,0.000,0.675,0.000,0.600
Vertical_velocity_38_Source_x_0_Source_y_0.75.txt,0.000,0.675,0.000,0.750
mirror_Vertical_velocity_38_Source_x_0.075_Source_y_0.675.txt,0.000,0.675,0.075,0.675
mirror_Vertical_velocity_39_Source_x_-1.35_Source_y_-0.6.txt,-1.275,-0.600,-1.350,-0.600
mirror_Vertical_velocity_39_Source_x_-1.27_Source_y_-0.675.txt,-1.275,-0.600,-1.275,-0.675
mirror_Vertical_velocity_39_Source_x_-1.27_Source_y_-0.525.txt,-1.275,-0.600,-1.275,-0.525
mirror_Vertical_velocity_39_Source_x_-1.2_Source_y_-0.6.txt,-1.275,-0.600,-1.200,-0.600
Vertical_velocity_39_Source_x_-1.35_Source_y_0.6.txt,-1.275,0.600,-1.350,0.600
Vertical_velocity_39_Source_x_-1.275_Source_y_0.525.txt,-1.275,0.600,-1.275,0.525
Vertical_velocity_39_Source_x_-1.275_Source_y_0.675.txt,-1.275,0.600,-1.275,0.675
Vertical_velocity_39_Source_x_-1.2_Source_y_0.6.txt,-1.275,0.600,-1.200,0.600
mirror_Vertical_velocity_39_Source_x_1.2_Source_y_-0.6.txt,1.275,-0.600,1.200,-0.600
mirror_Vertical_velocity_39_Source_x_1.27_Source_y_-0.675.txt,1.275,-0.600,1.275,-0.675
mirror_Vertical_velocity_39_Source_x_1.27_Source_y_-0.525.txt,1.275,-0.600,1.275,-0.525
mirror_Vertical_velocity_39_Source_x_1.35_Source_y_-0.6.txt,1.275,-0.600,1.350,-0.600
mirror_Vertical_velocity_39_Source_x_1.2_Source_y_0.6.txt,1.275,0.600,1.200,0.600
mirror_Vertical_velocity_39_Source_x_1.27_Source_y_0.525.txt,1.275,0.600,1.275,0.525
mirror_Vertical_velocity_39_Source_x_1.27_Source_y_0.675.txt,1.275,0.600,1.275,0.675
mirror_Vertical_velocity_39_Source_x_1.35_Source_y_0.6.txt,1.275,0.600,1.350,0.600
mirror_Vertical_velocity_40_Source_x_-1.2_Source_y_-0.6.txt,-1.125,-0.600,-1.200,-0.600
mirror_Vertical_velocity_40_Source_x_-1.12_Source_y_-0.675.txt,-1.125,-0.600,-1.125,-0.675
mirror_Vertical_velocity_40_Source_x_-1.12_Source_y_-0.525.txt,-1.125,-0.600,-1.125,-0.525
mirror_Vertical_velocity_40_Source_x_-1.05_Source_y_-0.6.txt,-1.125,-0.600,-1.050,-0.600
Vertical_velocity_40_Source_x_-1.2_Source_y_0.6.txt,-1.125,0.600,-1.200,0.600
Vertical_velocity_40_Source_x_-1.125_Source_y_0.525.txt,-1.125,0.600,-1.125,0.525
Vertical_velocity_40_Source_x_-1.125_Source_y_0.675.txt,-1.125,0.600,-1.125,0.675
Vertical_velocity_40_Source_x_-1.05_Source_y_0.6.txt,-1.125,0.600,-1.050,0.600
mirror_Vertical_velocity_40_Source_x_1.05_Source_y_-0.6.txt,1.125,-0.600,1.050,-0.600
mirror_Vertical_velocity_40_Source_x_1.12_Source_y_-0.675.txt,1.125,-0.600,1.125,-0.675
mirror_Vertical_velocity_40_Source_x_1.12_Source_y_-0.525.txt,1.125,-0.600,1.125,-0.525
mirror_Vertical_velocity_40_Source_x_1.2_Source_y_-0.6.txt,1.125,-0.600,1.200,-0.600
mirror_Vertical_velocity_40_Source_x_1.05_Source_y_0.6.txt,1.125,0.600,1.050,0.600
mirror_Vertical_velocity_40_Source_x_1.12_Source_y_0.525.txt,1.125,0.600,1.125,0.525
mirror_Vertical_velocity_40_Source_x_1.12_Source_y_0.675.txt,1.125,0.600,1.125,0.675
mirror_Vertical_velocity_40_Source_x_1.2_Source_y_0.6.txt,1.125,0.600,1.200,0.600
mirror_Vertical_velocity_41_Source_x_-1.05_Source_y_-0.6.txt,-0.975,-0.600,-1.050,-0.600
mirror_Vertical_velocity_41_Source_x_-0.975_Source_y_-0.675.txt,-0.975,-0.600,-0.975,-0.675
mirror_Vertical_velocity_41_Source_x_-0.975_Source_y_-0.525.txt,-0.975,-0.600,-0.975,-0.525
mirror_Vertical_velocity_41_Source_x_-0.9_Source_y_-0.6.txt,-0.975,-0.600,-0.900,-0.600
Vertical_velocity_41_Source_x_-1.05_Source_y_0.6.txt,-0.975,0.600,-1.050,0.600
Vertical_velocity_41_Source_x_-0.975_Source_y_0.525.txt,-0.975,0.600,-0.975,0.525
Vertical_velocity_41_Source_x_-0.975_Source_y_0.675.txt,-0.975,0.600,-0.975,0.675
Vertical_velocity_41_Source_x_-0.9_Source_y_0.6.txt,-0.975,0.600,-0.900,0.600
mirror_Vertical_velocity_41_Source_x_0.9_Source_y_-0.6.txt,0.975,-0.600,0.900,-0.600
mirror_Vertical_velocity_41_Source_x_0.975_Source_y_-0.675.txt,0.975,-0.600,0.975,-0.675
mirror_Vertical_velocity_41_Source_x_0.975_Source_y_-0.525.txt,0.975,-0.600,0.975,-0.525
mirror_Vertical_velocity_41_Source_x_1.05_Source_y_-0.6.txt,0.975,-0.600,1.050,-0.600
mirror_Vertical_velocity_41_Source_x_0.9_Source_y_0.6.txt,0.975,0.600,0.900,0.600
mirror_Vertical_velocity_41_Source_x_0.975_Source_y_0.525.txt,0.975,0.600,0.975,0.525
mirror_Vertical_velocity_41_Source_x_0.975_Source_y_0.675.txt,0.975,0.600,0.975,0.675
mirror_Vertical_velocity_41_Source_x_1.05_Source_y_0.6.txt,0.975,0.600,1.050,0.600
mirror_Vertical_velocity_42_Source_x_-0.9_Source_y_-0.6.txt,-0.825,-0.600,-0.900,-0.600
mirror_Vertical_velocity_42_Source_x_-0.825_Source_y_-0.675.txt,-0.825,-0.600,-0.825,-0.675
mirror_Vertical_velocity_42_Source_x_-0.825_Source_y_-0.525.txt,-0.825,-0.600,-0.825,-0.525
mirror_Vertical_velocity_42_Source_x_-0.75_Source_y_-0.6.txt,-0.825,-0.600,-0.750,-0.600
Vertical_velocity_42_Source_x_-0.9_Source_y_0.6.txt,-0.825,0.600,-0.900,0.600
Vertical_velocity_42_Source_x_-0.825_Source_y_0.525.txt,-0.825,0.600,-0.825,0.525
Vertical_velocity_42_Source_x_-0.825_Source_y_0.675.txt,-0.825,0.600,-0.825,0.675
Vertical_velocity_42_Source_x_-0.75_Source_y_0.6.txt,-0.825,0.600,-0.750,0.600
mirror_Vertical_velocity_42_Source_x_0.75_Source_y_-0.6.txt,0.825,-0.600,0.750,-0.600
mirror_Vertical_velocity_42_Source_x_0.825_Source_y_-0.675.txt,0.825,-0.600,0.825,-0.675
mirror_Vertical_velocity_42_Source_x_0.825_Source_y_-0.525.txt,0.825,-0.600,0.825,-0.525
mirror_Vertical_velocity_42_Source_x_0.9_Source_y_-0.6.txt,0.825,-0.600,0.900,-0.600
mirror_Vertical_velocity_42_Source_x_0.75_Source_y_0.6.txt,0.825,0.600,0.750,0.600
mirror_Vertical_velocity_42_Source_x_0.825_Source_y_0.525.txt,0.825,0.600,0.825,0.525
mirror_Vertical_velocity_42_Source_x_0.825_Source_y_0.675.txt,0.825,0.600,0.825,0.675
mirror_Vertical_velocity_42_Source_x_0.9_Source_y_0.6.txt,0.825,0.600,0.900,0.600
mirror_Vertical_velocity_43_Source_x_-0.75_Source_y_-0.6.txt,-0.675,-0.600,-0.750,-0.600
mirror_Vertical_velocity_43_Source_x_-0.675_Source_y_-0.675.txt,-0.675,-0.600,-0.675,-0.675
mirror_Vertical_velocity_43_Source_x_-0.675_Source_y_-0.525.txt,-0.675,-0.600,-0.675,-0.525
mirror_Vertical_velocity_43_Source_x_-0.6_Source_y_-0.6.txt,-0.675,-0.600,-0.600,-0.600
Vertical_velocity_43_Source_x_-0.75_Source_y_0.6.txt,-0.675,0.600,-0.750,0.600
Vertical_velocity_43_Source_x_-0.675_Source_y_0.525.txt,-0.675,0.600,-0.675,0.525
Vertical_velocity_43_Source_x_-0.675_Source_y_0.675.txt,-0.675,0.600,-0.675,0.675
Vertical_velocity_43_Source_x_-0.6_Source_y_0.6.txt,-0.675,0.600,-0.600,0.600
mirror_Vertical_velocity_43_Source_x_0.6_Source_y_-0.6.txt,0.675,-0.600,0.600,-0.600
mirror_Vertical_velocity_43_Source_x_0.675_Source_y_-0.675.txt,0.675,-0.600,0.675,-0.675
mirror_Vertical_velocity_43_Source_x_0.675_Source_y_-0.525.txt,0.675,-0.600,0.675,-0.525
mirror_Vertical_velocity_43_Source_x_0.75_Source_y_-0.6.txt,0.675,-0.600,0.750,-0.600
mirror_Vertical_velocity_43_Source_x_0.6_Source_y_0.6.txt,0.675,0.600,0.600,0.600
mirror_Vertical_velocity_43_Source_x_0.675_Source_y_0.525.txt,0.675,0.600,0.675,0.525
mirror_Vertical_velocity_43_Source_x_0.675_Source_y_0.675.txt,0.675,0.600,0.675,0.675
mirror_Vertical_velocity_43_Source_x_0.75_Source_y_0.6.txt,0.675,0.600,0.750,0.600
mirror_Vertical_velocity_44_Source_x_-0.6_Source_y_-0.6.txt,-0.525,-0.600,-0.600,-0.600
mirror_Vertical_velocity_44_Source_x_-0.525_Source_y_-0.675.txt,-0.525,-0.600,-0.525,-0.675
mirror_Vertical_velocity_44_Source_x_-0.525_Source_y_-0.525.txt,-0.525,-0.600,-0.525,-0.525
mirror_Vertical_velocity_44_Source_x_-0.45_Source_y_-0.6.txt,-0.525,-0.600,-0.450,-0.600
Vertical_velocity_44_Source_x_-0.6_Source_y_0.6.txt,-0.525,0.600,-0.600,0.600
Vertical_velocity_44_Source_x_-0.525_Source_y_0.525.txt,-0.525,0.600,-0.525,0.525
Vertical_velocity_44_Source_x_-0.525_Source_y_0.675.txt,-0.525,0.600,-0.525,0.675
Vertical_velocity_44_Source_x_-0.45_Source_y_0.6.txt,-0.525,0.600,-0.450,0.600
mirror_Vertical_velocity_44_Source_x_0.45_Source_y_-0.6.txt,0.525,-0.600,0.450,-0.600
mirror_Vertical_velocity_44_Source_x_0.525_Source_y_-0.675.txt,0.525,-0.600,0.525,-0.675
mirror_Vertical_velocity_44_Source_x_0.525_Source_y_-0.525.txt,0.525,-0.600,0.525,-0.525
mirror_Vertical_velocity_44_Source_x_0.6_Source_y_-0.6.txt,0.525,-0.600,0.600,-0.600
mirror_Vertical_velocity_44_Source_x_0.45_Source_y_0.6.txt,0.525,0.600,0.450,0.600
mirror_Vertical_velocity_44_Source_x_0.525_Source_y_0.525.txt,0.525,0.600,0.525,0.525
mirror_Vertical_velocity_44_Source_x_0.525_Source_y_0.675.txt,0.525,0.600,0.525,0.675
mirror_Vertical_velocity_44_Source_x_0.6_Source_y_0.6.txt,0.525,0.600,0.600,0.600
mirror_Vertical_velocity_45_Source_x_-0.45_Source_y_-0.6.txt,-0.375,-0.600,-0.450,-0.600
mirror_Vertical_velocity_45_Source_x_-0.375_Source_y_-0.675.txt,-0.375,-0.600,-0.375,-0.675
mirror_Vertical_velocity_45_Source_x_-0.375_Source_y_-0.525.txt,-0.375,-0.600,-0.375,-0.525
mirror_Vertical_velocity_45_Source_x_-0.3_Source_y_-0.6.txt,-0.375,-0.600,-0.300,-0.600
Vertical_velocity_45_Source_x_-0.45_Source_y_0.6.txt,-0.375,0.600,-0.450,0.600
Vertical_velocity_45_Source_x_-0.375_Source_y_0.525.txt,-0.375,0.600,-0.375,0.525
Vertical_velocity_45_Source_x_-0.375_Source_y_0.675.txt,-0.375,0.600,-0.375,0.675
Vertical_velocity_45_Source_x_-0.3_Source_y_0.6.txt,-0.375,0.600,-0.300,0.600
mirror_Vertical_velocity_45_Source_x_0.3_Source_y_-0.6.txt,0.375,-0.600,0.300,-0.600
mirror_Vertical_velocity_45_Source_x_0.375_Source_y_-0.675.txt,0.375,-0.600,0.375,-0.675
mirror_Vertical_velocity_45_Source_x_0.375_Source_y_-0.525.txt,0.375,-0.600,0.375,-0.525
mirror_Vertical_velocity_45_Source_x_0.45_Source_y_-0.6.txt,0.375,-0.600,0.450,-0.600
mirror_Vertical_velocity_45_Source_x_0.3_Source_y_0.6.txt,0.375,0.600,0.300,0.600
mirror_Vertical_velocity_45_Source_x_0.375_Source_y_0.525.txt,0.375,0.600,0.375,0.525
mirror_Vertical_velocity_45_Source_x_0.375_Source_y_0.675.txt,0.375,0.600,0.375,0.675
mirror_Vertical_velocity_45_Source_x_0.45_Source_y_0.6.txt,0.375,0.600,0.450,0.600
mirror_Vertical_velocity_46_Source_x_-0.3_Source_y_-0.6.txt,-0.225,-0.600,-0.300,-0.600
mirror_Vertical_velocity_46_Source_x_-0.225_Source_y_-0.675.txt,-0.225,-0.600,-0.225,-0.675
mirror_Vertical_velocity_46_Source_x_-0.225_Source_y_-0.525.txt,-0.225,-0.600,-0.225,-0.525
mirror_Vertical_velocity_46_Source_x_-0.15_Source_y_-0.6.txt,-0.225,-0.600,-0.150,-0.600
Vertical_velocity_46_Source_x_-0.3_Source_y_0.6.txt,-0.225,0.600,-0.300,0.600
Vertical_velocity_46_Source_x_-0.225_Source_y_0.525.txt,-0.225,0.600,-0.225,0.525
Vertical_velocity_46_Source_x_-0.225_Source_y_0.675.txt,-0.225,0.600,-0.225,0.675
Vertical_velocity_46_Source_x_-0.15_Source_y_0.6.txt,-0.225,0.600,-0.150,0.600
mirror_Vertical_velocity_46_Source_x_0.15_Source_y_-0.6.txt,0.225,-0.600,0.150,-0.600
mirror_Vertical_velocity_46_Source_x_0.225_Source_y_-0.675.txt,0.225,-0.600,0.225,-0.675
mirror_Vertical_velocity_46_Source_x_0.225_Source_y_-0.525.txt,0.225,-0.600,0.225,-0.525
mirror_Vertical_velocity_46_Source_x_0.3_Source_y_-0.6.txt,0.225,-0.600,0.300,-0.600
mirror_Vertical_velocity_46_Source_x_0.15_Source_y_0.6.txt,0.225,0.600,0.150,0.600
mirror_Vertical_velocity_46_Source_x_0.225_Source_y_0.525.txt,0.225,0.600,0.225,0.525
mirror_Vertical_velocity_46_Source_x_0.225_Source_y_0.675.txt,0.225,0.600,0.225,0.675
mirror_Vertical_velocity_46_Source_x_0.3_Source_y_0.6.txt,0.225,0.600,0.300,0.600
mirror_Vertical_velocity_47_Source_x_-0.15_Source_y_-0.6.txt,-0.075,-0.600,-0.150,-0.600
mirror_Vertical_velocity_47_Source_x_-0.075_Source_y_-0.675.txt,-0.075,-0.600,-0.075,-0.675
mirror_Vertical_velocity_47_Source_x_-0.075_Source_y_-0.525.txt,-0.075,-0.600,-0.075,-0.525
mirror_Vertical_velocity_47_Source_x_0_Source_y_-0.6.txt,-0.075,-0.600,0.000,-0.600
Vertical_velocity_47_Source_x_-0.15_Source_y_0.6.txt,-0.075,0.600,-0.150,0.600
Vertical_velocity_47_Source_x_-0.075_Source_y_0.525.txt,-0.075,0.600,-0.075,0.525
Vertical_velocity_47_Source_x_-0.075_Source_y_0.675.txt,-0.075,0.600,-0.075,0.675
Vertical_velocity_47_Source_x_0_Source_y_0.6.txt,-0.075,0.600,0.000,0.600
mirror_Vertical_velocity_47_Source_x_-0_Source_y_-0.6.txt,0.075,-0.600,0.000,-0.600
mirror_Vertical_velocity_47_Source_x_0.075_Source_y_-0.675.txt,0.075,-0.600,0.075,-0.675
mirror_Vertical_velocity_47_Source_x_0.075_Source_y_-0.525.txt,0.075,-0.600,0.075,-0.525
mirror_Vertical_velocity_47_Source_x_0.15_Source_y_-0.6.txt,0.075,-0.600,0.150,-0.600
mirror_Vertical_velocity_47_Source_x_-0_Source_y_0.6.txt,0.075,0.600,0.000,0.600
mirror_Vertical_velocity_47_Source_x_0.075_Source_y_0.525.txt,0.075,0.600,0.075,0.525
mirror_Vertical_velocity_47_Source_x_0.075_Source_y_0.675.txt,0.075,0.600,0.075,0.675
mirror_Vertical_velocity_47_Source_x_0.15_Source_y_0.6.txt,0.075,0.600,0.150,0.600
mirror_Vertical_velocity_48_Source_x_-1.35_Source_y_-0.6.txt,-1.350,-0.525,-1.350,-0.600
mirror_Vertical_velocity_48_Source_x_-1.35_Source_y_-0.45.txt,-1.350,-0.525,-1.350,-0.450
mirror_Vertical_velocity_48_Source_x_-1.27_Source_y_-0.525.txt,-1.350,-0.525,-1.275,-0.525
Vertical_velocity_48_Source_x_-1.35_Source_y_0.45.txt,-1.350,0.525,-1.350,0.450
Vertical_velocity_48_Source_x_-1.35_Source_y_0.6.txt,-1.350,0.525,-1.350,0.600
Vertical_velocity_48_Source_x_-1.275_Source_y_0.525.txt,-1.350,0.525,-1.275,0.525
mirror_Vertical_velocity_48_Source_x_1.27_Source_y_-0.525.txt,1.350,-0.525,1.275,-0.525
mirror_Vertical_velocity_48_Source_x_1.35_Source_y_-0.6.txt,1.350,-0.525,1.350,-0.600
mirror_Vertical_velocity_48_Source_x_1.35_Source_y_-0.45.txt,1.350,-0.525,1.350,-0.450
mirror_Vertical_velocity_48_Source_x_1.27_Source_y_0.525.txt,1.350,0.525,1.275,0.525
mirror_Vertical_velocity_48_Source_x_1.35_Source_y_0.45.txt,1.350,0.525,1.350,0.450
mirror_Vertical_velocity_48_Source_x_1.35_Source_y_0.6.txt,1.350,0.525,1.350,0.600
mirror_Vertical_velocity_49_Source_x_-1.27_Source_y_-0.525.txt,-1.200,-0.525,-1.275,-0.525
mirror_Vertical_velocity_49_Source_x_-1.2_Source_y_-0.6.txt,-1.200,-0.525,-1.200,-0.600
mirror_Vertical_velocity_49_Source_x_-1.2_Source_y_-0.45.txt,-1.200,-0.525,-1.200,-0.450
mirror_Vertical_velocity_49_Source_x_-1.12_Source_y_-0.525.txt,-1.200,-0.525,-1.125,-0.525
Vertical_velocity_49_Source_x_-1.275_Source_y_0.525.txt,-1.200,0.525,-1.275,0.525
Vertical_velocity_49_Source_x_-1.2_Source_y_0.45.txt,-1.200,0.525,-1.200,0.450
Vertical_velocity_49_Source_x_-1.2_Source_y_0.6.txt,-1.200,0.525,-1.200,0.600
Vertical_velocity_49_Source_x_-1.125_Source_y_0.525.txt,-1.200,0.525,-1.125,0.525
mirror_Vertical_velocity_49_Source_x_1.12_Source_y_-0.525.txt,1.200,-0.525,1.125,-0.525
mirror_Vertical_velocity_49_Source_x_1.2_Source_y_-0.6.txt,1.200,-0.525,1.200,-0.600
mirror_Vertical_velocity_49_Source_x_1.2_Source_y_-0.45.txt,1.200,-0.525,1.200,-0.450
mirror_Vertical_velocity_49_Source_x_1.27_Source_y_-0.525.txt,1.200,-0.525,1.275,-0.525
mirror_Vertical_velocity_49_Source_x_1.12_Source_y_0.525.txt,1.200,0.525,1.125,0.525
mirror_Vertical_velocity_49_Source_x_1.2_Source_y_0.45.txt,1.200,0.525,1.200,0.450
mirror_Vertical_velocity_49_Source_x_1.2_Source_y_0.6.txt,1.200,0.525,1.200,0.600
mirror_Vertical_velocity_49_Source_x_1.27_Source_y_0.525.txt,1.200,0.525,1.275,0.525
mirror_Vertical_velocity_50_Source_x_-1.12_Source_y_-0.525.txt,-1.050,-0.525,-1.125,-0.525
mirror_Vertical_velocity_50_Source_x_-1.05_Source_y_-0.6.txt,-1.050,-0.525,-1.050,-0.600
mirror_Vertical_velocity_50_Source_x_-1.05_Source_y_-0.45.txt,-1.050,-0.525,-1.050,-0.450
mirror_Vertical_velocity_50_Source_x_-0.975_Source_y_-0.525.txt,-1.050,-0.525,-0.975,-0.525
Vertical_velocity_50_Source_x_-1.125_Source_y_0.525.txt,-1.050,0.525,-1.125,0.525
Vertical_velocity_50_Source_x_-1.05_Source_y_0.45.txt,-1.050,0.525,-1.050,0.450
Vertical_velocity_50_Source_x_-1.05_Source_y_0.6.txt,-1.050,0.525,-1.050,0.600
Vertical_velocity_50_Source_x_-0.975_Source_y_0.525.txt,-1.050,0.525,-0.975,0.525
mirror_Vertical_velocity_50_Source_x_0.975_Source_y_-0.525.txt,1.050,-0.525,0.975,-0.525
mirror_Vertical_velocity_50_Source_x_1.05_Source_y_-0.6.txt,1.050,-0.525,1.050,-0.600
mirror_Vertical_velocity_50_Source_x_1.05_Source_y_-0.45.txt,1.050,-0.525,1.050,-0.450
mirror_Vertical_velocity_50_Source_x_1.12_Source_y_-0.525.txt,1.050,-0.525,1.125,-0.525
mirror_Vertical_velocity_50_Source_x_0.975_Source_y_0.525.txt,1.050,0.525,0.975,0.525
mirror_Vertical_velocity_50_Source_x_1.05_Source_y_0.45.txt,1.050,0.525,1.050,0.450
mirror_Vertical_velocity_50_Source_x_1.05_Source_y_0.6.txt,1.050,0.525,1.050,0.600
mirror_Vertical_velocity_50_Source_x_1.12_Source_y_0.525.txt,1.050,0.525,1.125,0.525
mirror_Vertical_velocity_51_Source_x_-0.975_Source_y_-0.525.txt,-0.900,-0.525,-0.975,-0.525
mirror_Vertical_velocity_51_Source_x_-0.9_Source_y_-0.6.txt,-0.900,-0.525,-0.900,-0.600
mirror_Vertical_velocity_51_Source_x_-0.9_Source_y_-0.45.txt,-0.900,-0.525,-0.900,-0.450
mirror_Vertical_velocity_51_Source_x_-0.825_Source_y_-0.525.txt,-0.900,-0.525,-0.825,-0.525
Vertical_velocity_51_Source_x_-0.975_Source_y_0.525.txt,-0.900,0.525,-0.975,0.525
Vertical_velocity_51_Source_x_-0.9_Source_y_0.45.txt,-0.900,0.525,-0.900,0.450
Vertical_velocity_51_Source_x_-0.9_Source_y_0.6.txt,-0.900,0.525,-0.900,0.600
Vertical_velocity_51_Source_x_-0.825_Source_y_0.525.txt,-0.900,0.525,-0.825,0.525
mirror_Vertical_velocity_51_Source_x_0.825_Source_y_-0.525.txt,0.900,-0.525,0.825,-0.525
mirror_Vertical_velocity_51_Source_x_0.9_Source_y_-0.6.txt,0.900,-0.525,0.900,-0.600
mirror_Vertical_velocity_51_Source_x_0.9_Source_y_-0.45.txt,0.900,-0.525,0.900,-0.450
mirror_Vertical_velocity_51_Source_x_0.975_Source_y_-0.525.txt,0.900,-0.525,0.975,-0.525
mirror_Vertical_velocity_51_Source_x_0.825_Source_y_0.525.txt,0.900,0.525,0.825,0.525
mirror_Vertical_velocity_51_Source_x_0.9_Source_y_0.45.txt,0.900,0.525,0.900,0.450
mirror_Vertical_velocity_51_Source_x_0.9_Source_y_0.6.txt,0.900,0.525,0.900,0.600
mirror_Vertical_velocity_51_Source_x_0.975_Source_y_0.525.txt,0.900,0.525,0.975,0.525
mirror_Vertical_velocity_52_Source_x_-0.825_Source_y_-0.525.txt,-0.750,-0.525,-0.825,-0.525
mirror_Vertical_velocity_52_Source_x_-0.75_Source_y_-0.6.txt,-0.750,-0.525,-0.750,-0.600
mirror_Vertical_velocity_52_Source_x_-0.75_Source_y_-0.45.txt,-0.750,-0.525,-0.750,-0.450
mirror_Vertical_velocity_52_Source_x_-0.675_Source_y_-0.525.txt,-0.750,-0.525,-0.675,-0.525
Vertical_velocity_52_Source_x_-0.825_Source_y_0.525.txt,-0.750,0.525,-0.825,0.525
Vertical_velocity_52_Source_x_-0.75_Source_y_0.45.txt,-0.750,0.525,-0.750,0.450
Vertical_velocity_52_Source_x_-0.75_Source_y_0.6.txt,-0.750,0.525,-0.750,0.600
Vertical_velocity_52_Source_x_-0.675_Source_y_0.525.txt,-0.750,0.525,-0.675,0.525
mirror_Vertical_velocity_52_Source_x_0.675_Source_y_-0.525.txt,0.750,-0.525,0.675,-0.525
mirror_Vertical_velocity_52_Source_x_0.75_Source_y_-0.6.txt,0.750,-0.525,0.750,-0.600
mirror_Vertical_velocity_52_Source_x_0.75_Source_y_-0.45.txt,0.750,-0.525,0.750,-0.450
mirror_Vertical_velocity_52_Source_x_0.825_Source_y_-0.525.txt,0.750,-0.525,0.825,-0.525
mirror_Vertical_velocity_52_Source_x_0.675_Source_y_0.525.txt,0.750,0.525,0.675,0.525
mirror_Vertical_velocity_52_Source_x_0.75_Source_y_0.45.txt,0.750,0.525,0.750,0.450
mirror_Vertical_velocity_52_Source_x_0.75_Source_y_0.6.txt,0.750,0.525,0.750,0.600
mirror_Vertical_velocity_52_Source_x_0.825_Source_y_0.525.txt,0.750,0.525,0.825,0.525
mirror_Vertical_velocity_53_Source_x_-0.675_Source_y_-0.525.txt,-0.600,-0.525,-0.675,-0.525
mirror_Vertical_velocity_53_Source_x_-0.6_Source_y_-0.6.txt,-0.600,-0.525,-0.600,-0.600
mirror_Vertical_velocity_53_Source_x_-0.6_Source_y_-0.45.txt,-0.600,-0.525,-0.600,-0.450
mirror_Vertical_velocity_53_Source_x_-0.525_Source_y_-0.525.txt,-0.600,-0.525,-0.525,-0.525
Vertical_velocity_53_Source_x_-0.675_Source_y_0.525.txt,-0.600,0.525,-0.675,0.525
Vertical_velocity_53_Source_x_-0.6_Source_y_0.45.txt,-0.600,0.525,-0.600,0.450
Vertical_velocity_53_Source_x_-0.6_Source_y_0.6.txt,-0.600,0.525,-0.600,0.600
Vertical_velocity_53_Source_x_-0.525_Source_y_0.525.txt,-0.600,0.525,-0.525,0.525
mirror_Vertical_velocity_53_Source_x_0.525_Source_y_-0.525.txt,0.600,-0.525,0.525,-0.525
mirror_Vertical_velocity_53_Source_x_0.6_Source_y_-0.6.txt,0.600,-0.525,0.600,-0.600
mirror_Vertical_velocity_53_Source_x_0.6_Source_y_-0.45.txt,0.600,-0.525,0.600,-0.450
mirror_Vertical_velocity_53_Source_x_0.675_Source_y_-0.525.txt,0.600,-0.525,0.675,-0.525
mirror_Vertical_velocity_53_Source_x_0.525_Source_y_0.525.txt,0.600,0.525,0.525,0.525
mirror_Vertical_velocity_53_Source_x_0.6_Source_y_0.45.txt,0.600,0.525,0.600,0.450
mirror_Vertical_velocity_53_Source_x_0.6_Source_y_0.6.txt,0.600,0.525,0.600,0.600
mirror_Vertical_velocity_53_Source_x_0.675_Source_y_0.525.txt,0.600,0.525,0.675,0.525
mirror_Vertical_velocity_54_Source_x_-0.525_Source_y_-0.525.txt,-0.450,-0.525,-0.525,-0.525
mirror_Vertical_velocity_54_Source_x_-0.45_Source_y_-0.6.txt,-0.450,-0.525,-0.450,-0.600
mirror_Vertical_velocity_54_Source_x_-0.45_Source_y_-0.45.txt,-0.450,-0.525,-0.450,-0.450
mirror_Vertical_velocity_54_Source_x_-0.375_Source_y_-0.525.txt,-0.450,-0.525,-0.375,-0.525
Vertical_velocity_54_Source_x_-0.525_Source_y_0.525.txt,-0.450,0.525,-0.525,0.525
Vertical_velocity_54_Source_x_-0.45_Source_y_0.45.txt,-0.450,0.525,-0.450,0.450
Vertical_velocity_54_Source_x_-0.45_Source_y_0.6.txt,-0.450,0.525,-0.450,0.600
Vertical_velocity_54_Source_x_-0.375_Source_y_0.525.txt,-0.450,0.525,-0.375,0.525
mirror_Vertical_velocity_54_Source_x_0.375_Source_y_-0.525.txt,0.450,-0.525,0.375,-0.525
mirror_Vertical_velocity_54_Source_x_0.45_Source_y_-0.6.txt,0.450,-0.525,0.450,-0.600
mirror_Vertical_velocity_54_Source_x_0.45_Source_y_-0.45.txt,0.450,-0.525,0.450,-0.450
mirror_Vertical_velocity_54_Source_x_0.525_Source_y_-0.525.txt,0.450,-0.525,0.525,-0.525
mirror_Vertical_velocity_54_Source_x_0.375_Source_y_0.525.txt,0.450,0.525,0.375,0.525
mirror_Vertical_velocity_54_Source_x_0.45_Source_y_0.45.txt,0.450,0.525,0.450,0.450
mirror_Vertical_velocity_54_Source_x_0.45_Source_y_0.6.txt,0.450,0.525,0.450,0.600
mirror_Vertical_velocity_54_Source_x_0.525_Source_y_0.525.txt,0.450,0.525,0.525,0.525
mirror_Vertical_velocity_55_Source_x_-0.375_Source_y_-0.525.txt,-0.300,-0.525,-0.375,-0.525
mirror_Vertical_velocity_55_Source_x_-0.3_Source_y_-0.6.txt,-0.300,-0.525,-0.300,-0.600
mirror_Vertical_velocity_55_Source_x_-0.3_Source_y_-0.45.txt,-0.300,-0.525,-0.300,-0.450
mirror_Vertical_velocity_55_Source_x_-0.225_Source_y_-0.525.txt,-0.300,-0.525,-0.225,-0.525
Vertical_velocity_55_Source_x_-0.375_Source_y_0.525.txt,-0.300,0.525,-0.375,0.525
Vertical_velocity_55_Source_x_-0.3_Source_y_0.45.txt,-0.300,0.525,-0.300,0.450
Vertical_velocity_55_Source_x_-0.3_Source_y_0.6.txt,-0.300,0.525,-0.300,0.600
Vertical_velocity_55_Source_x_-0.225_Source_y_0.525.txt,-0.300,0.525,-0.225,0.525
mirror_Vertical_velocity_55_Source_x_0.225_Source_y_-0.525.txt,0.300,-0.525,0.225,-0.525
mirror_Vertical_velocity_55_Source_x_0.3_Source_y_-0.6.txt,0.300,-0.525,0.300,-0.600
mirror_Vertical_velocity_55_Source_x_0.3_Source_y_-0.45.txt,0.300,-0.525,0.300,-0.450
mirror_Vertical_velocity_55_Source_x_0.375_Source_y_-0.525.txt,0.300,-0.525,0.375,-0.525
mirror_Vertical_velocity_55_Source_x_0.225_Source_y_0.525.txt,0.300,0.525,0.225,0.525
mirror_Vertical_velocity_55_Source_x_0.3_Source_y_0.45.txt,0.300,0.525,0.300,0.450
mirror_Vertical_velocity_55_Source_x_0.3_Source_y_0.6.txt,0.300,0.525,0.300,0.600
mirror_Vertical_velocity_55_Source_x_0.375_Source_y_0.525.txt,0.300,0.525,0.375,0.525
mirror_Vertical_velocity_56_Source_x_-0.225_Source_y_-0.525.txt,-0.150,-0.525,-0.225,-0.525
mirror_Vertical_velocity_56_Source_x_-0.15_Source_y_-0.6.txt,-0.150,-0.525,-0.150,-0.600
mirror_Vertical_velocity_56_Source_x_-0.15_Source_y_-0.45.txt,-0.150,-0.525,-0.150,-0.450
mirror_Vertical_velocity_56_Source_x_-0.075_Source_y_-0.525.txt,-0.150,-0.525,-0.075,-0.525
Vertical_velocity_56_Source_x_-0.225_Source_y_0.525.txt,-0.150,0.525,-0.225,0.525
Vertical_velocity_56_Source_x_-0.15_Source_y_0.45.txt,-0.150,0.525,-0.150,0.450
Vertical_velocity_56_Source_x_-0.15_Source_y_0.6.txt,-0.150,0.525,-0.150,0.600
Vertical_velocity_56_Source_x_-0.075_Source_y_0.525.txt,-0.150,0.525,-0.075,0.525
mirror_Vertical_velocity_56_Source_x_0.075_Source_y_-0.525.txt,0.150,-0.525,0.075,-0.525
mirror_Vertical_velocity_56_Source_x_0.15_Source_y_-0.6.txt,0.150,-0.525,0.150,-0.600
mirror_Vertical_velocity_56_Source_x_0.15_Source_y_-0.45.txt,0.150,-0.525,0.150,-0.450
mirror_Vertical_velocity_56_Source_x_0.225_Source_y_-0.525.txt,0.150,-0.525,0.225,-0.525
mirror_Vertical_velocity_56_Source_x_0.075_Source_y_0.525.txt,0.150,0.525,0.075,0.525
mirror_Vertical_velocity_56_Source_x_0.15_Source_y_0.45.txt,0.150,0.525,0.150,0.450
mirror_Vertical_velocity_56_Source_x_0.15_Source_y_0.6.txt,0.150,0.525,0.150,0.600
mirror_Vertical_velocity_56_Source_x_0.225_Source_y_0.525.txt,0.150,0.525,0.225,0.525
mirror_Vertical_velocity_57_Source_x_-0.075_Source_y_-0.525.txt,0.000,-0.525,-0.075,-0.525
mirror_Vertical_velocity_57_Source_x_0_Source_y_-0.6.txt,0.000,-0.525,0.000,-0.600
mirror_Vertical_velocity_57_Source_x_0_Source_y_-0.45.txt,0.000,-0.525,0.000,-0.450
mirror_Vertical_velocity_57_Source_x_0.075_Source_y_-0.525.txt,0.000,-0.525,0.075,-0.525
Vertical_velocity_57_Source_x_-0.075_Source_y_0.525.txt,0.000,0.525,-0.075,0.525
Vertical_velocity_57_Source_x_0_Source_y_0.45.txt,0.000,0.525,0.000,0.450
Vertical_velocity_57_Source_x_0_Source_y_0.6.txt,0.000,0.525,0.000,0.600
mirror_Vertical_velocity_57_Source_x_0.075_Source_y_0.525.txt,0.000,0.525,0.075,0.525
mirror_Vertical_velocity_58_Source_x_-1.35_Source_y_-0.45.txt,-1.275,-0.450,-1.350,-0.450
mirror_Vertical_velocity_58_Source_x_-1.27_Source_y_-0.525.txt,-1.275,-0.450,-1.275,-0.525
mirror_Vertical_velocity_58_Source_x_-1.27_Source_y_-0.375.txt,-1.275,-0.450,-1.275,-0.375
mirror_Vertical_velocity_58_Source_x_-1.2_Source_y_-0.45.txt,-1.275,-0.450,-1.200,-0.450
Vertical_velocity_58_Source_x_-1.35_Source_y_0.45.txt,-1.275,0.450,-1.350,0.450
Vertical_velocity_58_Source_x_-1.275_Source_y_0.375.txt,-1.275,0.450,-1.275,0.375
Vertical_velocity_58_Source_x_-1.275_Source_y_0.525.txt,-1.275,0.450,-1.275,0.525
Vertical_velocity_58_Source_x_-1.2_Source_y_0.45.txt,-1.275,0.450,-1.200,0.450
mirror_Vertical_velocity_58_Source_x_1.2_Source_y_-0.45.txt,1.275,-0.450,1.200,-0.450
mirror_Vertical_velocity_58_Source_x_1.27_Source_y_-0.525.txt,1.275,-0.450,1.275,-0.525
mirror_Vertical_velocity_58_Source_x_1.27_Source_y_-0.375.txt,1.275,-0.450,1.275,-0.375
mirror_Vertical_velocity_58_Source_x_1.35_Source_y_-0.45.txt,1.275,-0.450,1.350,-0.450
mirror_Vertical_velocity_58_Source_x_1.2_Source_y_0.45.txt,1.275,0.450,1.200,0.450
mirror_Vertical_velocity_58_Source_x_1.27_Source_y_0.375.txt,1.275,0.450,1.275,0.375
mirror_Vertical_velocity_58_Source_x_1.27_Source_y_0.525.txt,1.275,0.450,1.275,0.525
mirror_Vertical_velocity_58_Source_x_1.35_Source_y_0.45.txt,1.275,0.450,1.350,0.450
mirror_Vertical_velocity_59_Source_x_-1.2_Source_y_-0.45.txt,-1.125,-0.450,-1.200,-0.450
mirror_Vertical_velocity_59_Source_x_-1.12_Source_y_-0.525.txt,-1.125,-0.450,-1.125,-0.525
mirror_Vertical_velocity_59_Source_x_-1.12_Source_y_-0.375.txt,-1.125,-0.450,-1.125,-0.375
mirror_Vertical_velocity_59_Source_x_-1.05_Source_y_-0.45.txt,-1.125,-0.450,-1.050,-0.450
Vertical_velocity_59_Source_x_-1.2_Source_y_0.45.txt,-1.125,0.450,-1.200,0.450
Vertical_velocity_59_Source_x_-1.125_Source_y_0.375.txt,-1.125,0.450,-1.125,0.375
Vertical_velocity_59_Source_x_-1.125_Source_y_0.525.txt,-1.125,0.450,-1.125,0.525
Vertical_velocity_59_Source_x_-1.05_Source_y_0.45.txt,-1.125,0.450,-1.050,0.450
mirror_Vertical_velocity_59_Source_x_1.05_Source_y_-0.45.txt,1.125,-0.450,1.050,-0.450
mirror_Vertical_velocity_59_Source_x_1.12_Source_y_-0.525.txt,1.125,-0.450,1.125,-0.525
mirror_Vertical_velocity_59_Source_x_1.12_Source_y_-0.375.txt,1.125,-0.450,1.125,-0.375
mirror_Vertical_velocity_59_Source_x_1.2_Source_y_-0.45.txt,1.125,-0.450,1.200,-0.450
mirror_Vertical_velocity_59_Source_x_1.05_Source_y_0.45.txt,1.125,0.450,1.050,0.450
mirror_Vertical_velocity_59_Source_x_1.12_Source_y_0.375.txt,1.125,0.450,1.125,0.375
mirror_Vertical_velocity_59_Source_x_1.12_Source_y_0.525.txt,1.125,0.450,1.125,0.525
mirror_Vertical_velocity_59_Source_x_1.2_Source_y_0.45.txt,1.125,0.450,1.200,0.450
mirror_Vertical_velocity_60_Source_x_-1.05_Source_y_-0.45.txt,-0.975,-0.450,-1.050,-0.450
mirror_Vertical_velocity_60_Source_x_-0.975_Source_y_-0.525.txt,-0.975,-0.450,-0.975,-0.525
mirror_Vertical_velocity_60_Source_x_-0.975_Source_y_-0.375.txt,-0.975,-0.450,-0.975,-0.375
mirror_Vertical_velocity_60_Source_x_-0.9_Source_y_-0.45.txt,-0.975,-0.450,-0.900,-0.450
Vertical_velocity_60_Source_x_-1.05_Source_y_0.45.txt,-0.975,0.450,-1.050,0.450
Vertical_velocity_60_Source_x_-0.975_Source_y_0.375.txt,-0.975,0.450,-0.975,0.375
Vertical_velocity_60_Source_x_-0.975_Source_y_0.525.txt,-0.975,0.450,-0.975,0.525
Vertical_velocity_60_Source_x_-0.9_Source_y_0.45.txt,-0.975,0.450,-0.900,0.450
mirror_Vertical_velocity_60_Source_x_0.9_Source_y_-0.45.txt,0.975,-0.450,0.900,-0.450
mirror_Vertical_velocity_60_Source_x_0.975_Source_y_-0.525.txt,0.975,-0.450,0.975,-0.525
mirror_Vertical_velocity_60_Source_x_0.975_Source_y_-0.375.txt,0.975,-0.450,0.975,-0.375
mirror_Vertical_velocity_60_Source_x_1.05_Source_y_-0.45.txt,0.975,-0.450,1.050,-0.450
mirror_Vertical_velocity_60_Source_x_0.9_Source_y_0.45.txt,0.975,0.450,0.900,0.450
mirror_Vertical_velocity_60_Source_x_0.975_Source_y_0.375.txt,0.975,0.450,0.975,0.375
mirror_Vertical_velocity_60_Source_x_0.975_Source_y_0.525.txt,0.975,0.450,0.975,0.525
mirror_Vertical_velocity_60_Source_x_1.05_Source_y_0.45.txt,0.975,0.450,1.050,0.450
mirror_Vertical_velocity_61_Source_x_-0.9_Source_y_-0.45.txt,-0.825,-0.450,-0.900,-0.450
mirror_Vertical_velocity_61_Source_x_-0.825_Source_y_-0.525.txt,-0.825,-0.450,-0.825,-0.525
mirror_Vertical_velocity_61_Source_x_-0.825_Source_y_-0.375.txt,-0.825,-0.450,-0.825,-0.375
mirror_Vertical_velocity_61_Source_x_-0.75_Source_y_-0.45.txt,-0.825,-0.450,-0.750,-0.450
Vertical_velocity_61_Source_x_-0.9_Source_y_0.45.txt,-0.825,0.450,-0.900,0.450
Vertical_velocity_61_Source_x_-0.825_Source_y_0.375.txt,-0.825,0.450,-0.825,0.375
Vertical_velocity_61_Source_x_-0.825_Source_y_0.525.txt,-0.825,0.450,-0.825,0.525
Vertical_velocity_61_Source_x_-0.75_Source_y_0.45.txt,-0.825,0.450,-0.750,0.450
mirror_Vertical_velocity_61_Source_x_0.75_Source_y_-0.45.txt,0.825,-0.450,0.750,-0.450
mirror_Vertical_velocity_61_Source_x_0.825_Source_y_-0.525.txt,0.825,-0.450,0.825,-0.525
mirror_Vertical_velocity_61_Source_x_0.825_Source_y_-0.375.txt,0.825,-0.450,0.825,-0.375
mirror_Vertical_velocity_61_Source_x_0.9_Source_y_-0.45.txt,0.825,-0.450,0.900,-0.450
mirror_Vertical_velocity_61_Source_x_0.75_Source_y_0.45.txt,0.825,0.450,0.750,0.450
mirror_Vertical_velocity_61_Source_x_0.825_Source_y_0.375.txt,0.825,0.450,0.825,0.375
mirror_Vertical_velocity_61_Source_x_0.825_Source_y_0.525.txt,0.825,0.450,0.825,0.525
mirror_Vertical_velocity_61_Source_x_0.9_Source_y_0.45.txt,0.825,0.450,0.900,0.450
mirror_Vertical_velocity_62_Source_x_-0.75_Source_y_-0.45.txt,-0.675,-0.450,-0.750,-0.450
mirror_Vertical_velocity_62_Source_x_-0.675_Source_y_-0.525.txt,-0.675,-0.450,-0.675,-0.525
mirror_Vertical_velocity_62_Source_x_-0.675_Source_y_-0.375.txt,-0.675,-0.450,-0.675,-0.375
mirror_Vertical_velocity_62_Source_x_-0.6_Source_y_-0.45.txt,-0.675,-0.450,-0.600,-0.450
Vertical_velocity_62_Source_x_-0.75_Source_y_0.45.txt,-0.675,0.450,-0.750,0.450
Vertical_velocity_62_Source_x_-0.675_Source_y_0.375.txt,-0.675,0.450,-0.675,0.375
Vertical_velocity_62_Source_x_-0.675_Source_y_0.525.txt,-0.675,0.450,-0.675,0.525
Vertical_velocity_62_Source_x_-0.6_Source_y_0.45.txt,-0.675,0.450,-0.600,0.450
mirror_Vertical_velocity_62_Source_x_0.6_Source_y_-0.45.txt,0.675,-0.450,0.600,-0.450
mirror_Vertical_velocity_62_Source_x_0.675_Source_y_-0.525.txt,0.675,-0.450,0.675,-0.525
mirror_Vertical_velocity_62_Source_x_0.675_Source_y_-0.375.txt,0.675,-0.450,0.675,-0.375
mirror_Vertical_velocity_62_Source_x_0.75_Source_y_-0.45.txt,0.675,-0.450,0.750,-0.450
mirror_Vertical_velocity_62_Source_x_0.6_Source_y_0.45.txt,0.675,0.450,0.600,0.450
mirror_Vertical_velocity_62_Source_x_0.675_Source_y_0.375.txt,0.675,0.450,0.675,0.375
mirror_Vertical_velocity_62_Source_x_0.675_Source_y_0.525.txt,0.675,0.450,0.675,0.525
mirror_Vertical_velocity_62_Source_x_0.75_Source_y_0.45.txt,0.675,0.450,0.750,0.450
mirror_Vertical_velocity_63_Source_x_-0.6_Source_y_-0.45.txt,-0.525,-0.450,-0.600,-0.450
mirror_Vertical_velocity_63_Source_x_-0.525_Source_y_-0.525.txt,-0.525,-0.450,-0.525,-0.525
mirror_Vertical_velocity_63_Source_x_-0.525_Source_y_-0.375.txt,-0.525,-0.450,-0.525,-0.375
mirror_Vertical_velocity_63_Source_x_-0.45_Source_y_-0.45.txt,-0.525,-0.450,-0.450,-0.450
Vertical_velocity_63_Source_x_-0.6_Source_y_0.45.txt,-0.525,0.450,-0.600,0.450
Vertical_velocity_63_Source_x_-0.525_Source_y_0.375.txt,-0.525,0.450,-0.525,0.375
Vertical_velocity_63_Source_x_-0.525_Source_y_0.525.txt,-0.525,0.450,-0.525,0.525
Vertical_velocity_63_Source_x_-0.45_Source_y_0.45.txt,-0.525,0.450,-0.450,0.450
mirror_Vertical_velocity_63_Source_x_0.45_Source_y_-0.45.txt,0.525,-0.450,0.450,-0.450
mirror_Vertical_velocity_63_Source_x_0.525_Source_y_-0.525.txt,0.525,-0.450,0.525,-0.525
mirror_Vertical_velocity_63_Source_x_0.525_Source_y_-0.375.txt,0.525,-0.450,0.525,-0.375
mirror_Vertical_velocity_63_Source_x_0.6_Source_y_-0.45.txt,0.525,-0.450,0.600,-0.450
mirror_Vertical_velocity_63_Source_x_0.45_Source_y_0.45.txt,0.525,0.450,0.450,0.450
mirror_Vertical_velocity_63_Source_x_0.525_Source_y_0.375.txt,0.525,0.450,0.525,0.375
mirror_Vertical_velocity_63_Source_x_0.525_Source_y_0.525.txt,0.525,0.450,0.525,0.525
mirror_Vertical_velocity_63_Source_x_0.6_Source_y_0.45.txt,0.525,0.450,0.600,0.450
mirror_Vertical_velocity_64_Source_x_-0.45_Source_y_-0.45.txt,-0.375,-0.450,-0.450,-0.450
mirror_Vertical_velocity_64_Source_x_-0.375_Source_y_-0.525.txt,-0.375,-0.450,-0.375,-0.525
mirror_Vertical_velocity_64_Source_x_-0.375_Source_y_-0.375.txt,-0.375,-0.450,-0.375,-0.375
mirror_Vertical_velocity_64_Source_x_-0.3_Source_y_-0.45.txt,-0.375,-0.450,-0.300,-0.450
Vertical_velocity_64_Source_x_-0.45_Source_y_0.45.txt,-0.375,0.450,-0.450,0.450
Vertical_velocity_64_Source_x_-0.375_Source_y_0.375.txt,-0.375,0.450,-0.375,0.375
Vertical_velocity_64_Source_x_-0.375_Source_y_0.525.txt,-0.375,0.450,-0.375,0.525
Vertical_velocity_64_Source_x_-0.3_Source_y_0.45.txt,-0.375,0.450,-0.300,0.450
mirror_Vertical_velocity_64_Source_x_0.3_Source_y_-0.45.txt,0.375,-0.450,0.300,-0.450
mirror_Vertical_velocity_64_Source_x_0.375_Source_y_-0.525.txt,0.375,-0.450,0.375,-0.525
mirror_Vertical_velocity_64_Source_x_0.375_Source_y_-0.375.txt,0.375,-0.450,0.375,-0.375
mirror_Vertical_velocity_64_Source_x_0.45_Source_y_-0.45.txt,0.375,-0.450,0.450,-0.450
mirror_Vertical_velocity_64_Source_x_0.3_Source_y_0.45.txt,0.375,0.450,0.300,0.450
mirror_Vertical_velocity_64_Source_x_0.375_Source_y_0.375.txt,0.375,0.450,0.375,0.375
mirror_Vertical_velocity_64_Source_x_0.375_Source_y_0.525.txt,0.375,0.450,0.375,0.525
mirror_Vertical_velocity_64_Source_x_0.45_Source_y_0.45.txt,0.375,0.450,0.450,0.450
mirror_Vertical_velocity_65_Source_x_-0.3_Source_y_-0.45.txt,-0.225,-0.450,-0.300,-0.450
mirror_Vertical_velocity_65_Source_x_-0.225_Source_y_-0.525.txt,-0.225,-0.450,-0.225,-0.525
mirror_Vertical_velocity_65_Source_x_-0.225_Source_y_-0.375.txt,-0.225,-0.450,-0.225,-0.375
mirror_Vertical_velocity_65_Source_x_-0.15_Source_y_-0.45.txt,-0.225,-0.450,-0.150,-0.450
Vertical_velocity_65_Source_x_-0.3_Source_y_0.45.txt,-0.225,0.450,-0.300,0.450
Vertical_velocity_65_Source_x_-0.225_Source_y_0.375.txt,-0.225,0.450,-0.225,0.375
Vertical_velocity_65_Source_x_-0.225_Source_y_0.525.txt,-0.225,0.450,-0.225,0.525
Vertical_velocity_65_Source_x_-0.15_Source_y_0.45.txt,-0.225,0.450,-0.150,0.450
mirror_Vertical_velocity_65_Source_x_0.15_Source_y_-0.45.txt,0.225,-0.450,0.150,-0.450
mirror_Vertical_velocity_65_Source_x_0.225_Source_y_-0.525.txt,0.225,-0.450,0.225,-0.525
mirror_Vertical_velocity_65_Source_x_0.225_Source_y_-0.375.txt,0.225,-0.450,0.225,-0.375
mirror_Vertical_velocity_65_Source_x_0.3_Source_y_-0.45.txt,0.225,-0.450,0.300,-0.450
mirror_Vertical_velocity_65_Source_x_0.15_Source_y_0.45.txt,0.225,0.450,0.150,0.450
mirror_Vertical_velocity_65_Source_x_0.225_Source_y_0.375.txt,0.225,0.450,0.225,0.375
mirror_Vertical_velocity_65_Source_x_0.225_Source_y_0.525.txt,0.225,0.450,0.225,0.525
mirror_Vertical_velocity_65_Source_x_0.3_Source_y_0.45.txt,0.225,0.450,0.300,0.450
mirror_Vertical_velocity_66_Source_x_-0.15_Source_y_-0.45.txt,-0.075,-0.450,-0.150,-0.450
mirror_Vertical_velocity_66_Source_x_-0.075_Source_y_-0.525.txt,-0.075,-0.450,-0.075,-0.525
mirror_Vertical_velocity_66_Source_x_-0.075_Source_y_-0.375.txt,-0.075,-0.450,-0.075,-0.375
mirror_Vertical_velocity_66_Source_x_0_Source_y_-0.45.txt,-0.075,-0.450,0.000,-0.450
Vertical_velocity_66_Source_x_-0.15_Source_y_0.45.txt,-0.075,0.450,-0.150,0.450
Vertical_velocity_66_Source_x_-0.075_Source_y_0.375.txt,-0.075,0.450,-0.075,0.375
Vertical_velocity_66_Source_x_-0.075_Source_y_0.525.txt,-0.075,0.450,-0.075,0.525
Vertical_velocity_66_Source_x_0_Source_y_0.45.txt,-0.075,0.450,0.000,0.450
mirror_Vertical_velocity_66_Source_x_-0_Source_y_-0.45.txt,0.075,-0.450,0.000,-0.450
mirror_Vertical_velocity_66_Source_x_0.075_Source_y_-0.525.txt,0.075,-0.450,0.075,-0.525
mirror_Vertical_velocity_66_Source_x_0.075_Source_y_-0.375.txt,0.075,-0.450,0.075,-0.375
mirror_Vertical_velocity_66_Source_x_0.15_Source_y_-0.45.txt,0.075,-0.450,0.150,-0.450
mirror_Vertical_velocity_66_Source_x_-0_Source_y_0.45.txt,0.075,0.450,0.000,0.450
mirror_Vertical_velocity_66_Source_x_0.075_Source_y_0.375.txt,0.075,0.450,0.075,0.375
mirror_Vertical_velocity_66_Source_x_0.075_Source_y_0.525.txt,0.075,0.450,0.075,0.525
mirror_Vertical_velocity_66_Source_x_0.15_Source_y_0.45.txt,0.075,0.450,0.150,0.450
mirror_Vertical_velocity_67_Source_x_-1.35_Source_y_-0.45.txt,-1.350,-0.375,-1.350,-0.450
mirror_Vertical_velocity_67_Source_x_-1.35_Source_y_-0.3.txt,-1.350,-0.375,-1.350,-0.300
mirror_Vertical_velocity_67_Source_x_-1.27_Source_y_-0.375.txt,-1.350,-0.375,-1.275,-0.375
Vertical_velocity_67_Source_x_-1.35_Source_y_0.3.txt,-1.350,0.375,-1.350,0.300
Vertical_velocity_67_Source_x_-1.35_Source_y_0.45.txt,-1.350,0.375,-1.350,0.450
Vertical_velocity_67_Source_x_-1.275_Source_y_0.375.txt,-1.350,0.375,-1.275,0.375
mirror_Vertical_velocity_67_Source_x_1.27_Source_y_-0.375.txt,1.350,-0.375,1.275,-0.375
mirror_Vertical_velocity_67_Source_x_1.35_Source_y_-0.45.txt,1.350,-0.375,1.350,-0.450
mirror_Vertical_velocity_67_Source_x_1.35_Source_y_-0.3.txt,1.350,-0.375,1.350,-0.300
mirror_Vertical_velocity_67_Source_x_1.27_Source_y_0.375.txt,1.350,0.375,1.275,0.375
mirror_Vertical_velocity_67_Source_x_1.35_Source_y_0.3.txt,1.350,0.375,1.350,0.300
mirror_Vertical_velocity_67_Source_x_1.35_Source_y_0.45.txt,1.350,0.375,1.350,0.450
mirror_Vertical_velocity_68_Source_x_-1.27_Source_y_-0.375.txt,-1.200,-0.375,-1.275,-0.375
mirror_Vertical_velocity_68_Source_x_-1.2_Source_y_-0.45.txt,-1.200,-0.375,-1.200,-0.450
mirror_Vertical_velocity_68_Source_x_-1.2_Source_y_-0.3.txt,-1.200,-0.375,-1.200,-0.300
mirror_Vertical_velocity_68_Source_x_-1.12_Source_y_-0.375.txt,-1.200,-0.375,-1.125,-0.375
Vertical_velocity_68_Source_x_-1.275_Source_y_0.375.txt,-1.200,0.375,-1.275,0.375
Vertical_velocity_68_Source_x_-1.2_Source_y_0.3.txt,-1.200,0.375,-1.200,0.300
Vertical_velocity_68_Source_x_-1.2_Source_y_0.45.txt,-1.200,0.375,-1.200,0.450
Vertical_velocity_68_Source_x_-1.125_Source_y_0.375.txt,-1.200,0.375,-1.125,0.375
mirror_Vertical_velocity_68_Source_x_1.12_Source_y_-0.375.txt,1.200,-0.375,1.125,-0.375
mirror_Vertical_velocity_68_Source_x_1.2_Source_y_-0.45.txt,1.200,-0.375,1.200,-0.450
mirror_Vertical_velocity_68_Source_x_1.2_Source_y_-0.3.txt,1.200,-0.375,1.200,-0.300
mirror_Vertical_velocity_68_Source_x_1.27_Source_y_-0.375.txt,1.200,-0.375,1.275,-0.375
mirror_Vertical_velocity_68_Source_x_1.12_Source_y_0.375.txt,1.200,0.375,1.125,0.375
mirror_Vertical_velocity_68_Source_x_1.2_Source_y_0.3.txt,1.200,0.375,1.200,0.300
mirror_Vertical_velocity_68_Source_x_1.2_Source_y_0.45.txt,1.200,0.375,1.200,0.450
mirror_Vertical_velocity_68_Source_x_1.27_Source_y_0.375.txt,1.200,0.375,1.275,0.375
mirror_Vertical_velocity_69_Source_x_-1.12_Source_y_-0.375.txt,-1.050,-0.375,-1.125,-0.375
mirror_Vertical_velocity_69_Source_x_-1.05_Source_y_-0.45.txt,-1.050,-0.375,-1.050,-0.450
mirror_Vertical_velocity_69_Source_x_-1.05_Source_y_-0.3.txt,-1.050,-0.375,-1.050,-0.300
mirror_Vertical_velocity_69_Source_x_-0.975_Source_y_-0.375.txt,-1.050,-0.375,-0.975,-0.375
Vertical_velocity_69_Source_x_-1.125_Source_y_0.375.txt,-1.050,0.375,-1.125,0.375
Vertical_velocity_69_Source_x_-1.05_Source_y_0.3.txt,-1.050,0.375,-1.050,0.300
Vertical_velocity_69_Source_x_-1.05_Source_y_0.45.txt,-1.050,0.375,-1.050,0.450
Vertical_velocity_69_Source_x_-0.975_Source_y_0.375.txt,-1.050,0.375,-0.975,0.375
mirror_Vertical_velocity_69_Source_x_0.975_Source_y_-0.375.txt,1.050,-0.375,0.975,-0.375
mirror_Vertical_velocity_69_Source_x_1.05_Source_y_-0.45.txt,1.050,-0.375,1.050,-0.450
mirror_Vertical_velocity_69_Source_x_1.05_Source_y_-0.3.txt,1.050,-0.375,1.050,-0.300
mirror_Vertical_velocity_69_Source_x_1.12_Source_y_-0.375.txt,1.050,-0.375,1.125,-0.375
mirror_Vertical_velocity_69_Source_x_0.975_Source_y_0.375.txt,1.050,0.375,0.975,0.375
mirror_Vertical_velocity_69_Source_x_1.05_Source_y_0.3.txt,1.050,0.375,1.050,0.300
mirror_Vertical_velocity_69_Source_x_1.05_Source_y_0.45.txt,1.050,0.375,1.050,0.450
mirror_Vertical_velocity_69_Source_x_1.12_Source_y_0.375.txt,1.050,0.375,1.125,0.375
mirror_Vertical_velocity_70_Source_x_-0.975_Source_y_-0.375.txt,-0.900,-0.375,-0.975,-0.375
mirror_Vertical_velocity_70_Source_x_-0.9_Source_y_-0.45.txt,-0.900,-0.375,-0.900,-0.450
mirror_Vertical_velocity_70_Source_x_-0.9_Source_y_-0.3.txt,-0.900,-0.375,-0.900,-0.300
mirror_Vertical_velocity_70_Source_x_-0.825_Source_y_-0.375.txt,-0.900,-0.375,-0.825,-0.375
Vertical_velocity_70_Source_x_-0.975_Source_y_0.375.txt,-0.900,0.375,-0.975,0.375
Vertical_velocity_70_Source_x_-0.9_Source_y_0.3.txt,-0.900,0.375,-0.900,0.300
Vertical_velocity_70_Source_x_-0.9_Source_y_0.45.txt,-0.900,0.375,-0.900,0.450
Vertical_velocity_70_Source_x_-0.825_Source_y_0.375.txt,-0.900,0.375,-0.825,0.375
mirror_Vertical_velocity_70_Source_x_0.825_Source_y_-0.375.txt,0.900,-0.375,0.825,-0.375
mirror_Vertical_velocity_70_Source_x_0.9_Source_y_-0.45.txt,0.900,-0.375,0.900,-0.450
mirror_Vertical_velocity_70_Source_x_0.9_Source_y_-0.3.txt,0.900,-0.375,0.900,-0.300
mirror_Vertical_velocity_70_Source_x_0.975_Source_y_-0.375.txt,0.900,-0.375,0.975,-0.375
mirror_Vertical_velocity_70_Source_x_0.825_Source_y_0.375.txt,0.900,0.375,0.825,0.375
mirror_Vertical_velocity_70_Source_x_0.9_Source_y_0.3.txt,0.900,0.375,0.900,0.300
mirror_Vertical_velocity_70_Source_x_0.9_Source_y_0.45.txt,0.900,0.375,0.900,0.450
mirror_Vertical_velocity_70_Source_x_0.975_Source_y_0.375.txt,0.900,0.375,0.975,0.375
mirror_Vertical_velocity_71_Source_x_-0.825_Source_y_-0.375.txt,-0.750,-0.375,-0.825,-0.375
mirror_Vertical_velocity_71_Source_x_-0.75_Source_y_-0.45.txt,-0.750,-0.375,-0.750,-0.450
mirror_Vertical_velocity_71_Source_x_-0.75_Source_y_-0.3.txt,-0.750,-0.375,-0.750,-0.300
mirror_Vertical_velocity_71_Source_x_-0.675_Source_y_-0.375.txt,-0.750,-0.375,-0.675,-0.375
Vertical_velocity_71_Source_x_-0.825_Source_y_0.375.txt,-0.750,0.375,-0.825,0.375
Vertical_velocity_71_Source_x_-0.75_Source_y_0.3.txt,-0.750,0.375,-0.750,0.300
Vertical_velocity_71_Source_x_-0.75_Source_y_0.45.txt,-0.750,0.375,-0.750,0.450
Vertical_velocity_71_Source_x_-0.675_Source_y_0.375.txt,-0.750,0.375,-0.675,0.375
mirror_Vertical_velocity_71_Source_x_0.675_Source_y_-0.375.txt,0.750,-0.375,0.675,-0.375
mirror_Vertical_velocity_71_Source_x_0.75_Source_y_-0.45.txt,0.750,-0.375,0.750,-0.450
mirror_Vertical_velocity_71_Source_x_0.75_Source_y_-0.3.txt,0.750,-0.375,0.750,-0.300
mirror_Vertical_velocity_71_Source_x_0.825_Source_y_-0.375.txt,0.750,-0.375,0.825,-0.375
mirror_Vertical_velocity_71_Source_x_0.675_Source_y_0.375.txt,0.750,0.375,0.675,0.375
mirror_Vertical_velocity_71_Source_x_0.75_Source_y_0.3.txt,0.750,0.375,0.750,0.300
mirror_Vertical_velocity_71_Source_x_0.75_Source_y_0.45.txt,0.750,0.375,0.750,0.450
mirror_Vertical_velocity_71_Source_x_0.825_Source_y_0.375.txt,0.750,0.375,0.825,0.375
mirror_Vertical_velocity_72_Source_x_-0.675_Source_y_-0.375.txt,-0.600,-0.375,-0.675,-0.375
mirror_Vertical_velocity_72_Source_x_-0.6_Source_y_-0.45.txt,-0.600,-0.375,-0.600,-0.450
mirror_Vertical_velocity_72_Source_x_-0.6_Source_y_-0.3.txt,-0.600,-0.375,-0.600,-0.300
mirror_Vertical_velocity_72_Source_x_-0.525_Source_y_-0.375.txt,-0.600,-0.375,-0.525,-0.375
Vertical_velocity_72_Source_x_-0.675_Source_y_0.375.txt,-0.600,0.375,-0.675,0.375
Vertical_velocity_72_Source_x_-0.6_Source_y_0.3.txt,-0.600,0.375,-0.600,0.300
Vertical_velocity_72_Source_x_-0.6_Source_y_0.45.txt,-0.600,0.375,-0.600,0.450
Vertical_velocity_72_Source_x_-0.525_Source_y_0.375.txt,-0.600,0.375,-0.525,0.375
mirror_Vertical_velocity_72_Source_x_0.525_Source_y_-0.375.txt,0.600,-0.375,0.525,-0.375
mirror_Vertical_velocity_72_Source_x_0.6_Source_y_-0.45.txt,0.600,-0.375,0.600,-0.450
mirror_Vertical_velocity_72_Source_x_0.6_Source_y_-0.3.txt,0.600,-0.375,0.600,-0.300
mirror_Vertical_velocity_72_Source_x_0.675_Source_y_-0.375.txt,0.600,-0.375,0.675,-0.375
mirror_Vertical_velocity_72_Source_x_0.525_Source_y_0.375.txt,0.600,0.375,0.525,0.375
mirror_Vertical_velocity_72_Source_x_0.6_Source_y_0.3.txt,0.600,0.375,0.600,0.300
mirror_Vertical_velocity_72_Source_x_0.6_Source_y_0.45.txt,0.600,0.375,0.600,0.450
mirror_Vertical_velocity_72_Source_x_0.675_Source_y_0.375.txt,0.600,0.375,0.675,0.375
mirror_Vertical_velocity_73_Source_x_-0.525_Source_y_-0.375.txt,-0.450,-0.375,-0.525,-0.375
mirror_Vertical_velocity_73_Source_x_-0.45_Source_y_-0.45.txt,-0.450,-0.375,-0.450,-0.450
mirror_Vertical_velocity_73_Source_x_-0.45_Source_y_-0.3.txt,-0.450,-0.375,-0.450,-0.300
mirror_Vertical_velocity_73_Source_x_-0.375_Source_y_-0.375.txt,-0.450,-0.375,-0.375,-0.375
Vertical_velocity_73_Source_x_-0.525_Source_y_0.375.txt,-0.450,0.375,-0.525,0.375
Vertical_velocity_73_Source_x_-0.45_Source_y_0.3.txt,-0.450,0.375,-0.450,0.300
Vertical_velocity_73_Source_x_-0.45_Source_y_0.45.txt,-0.450,0.375,-0.450,0.450
Vertical_velocity_73_Source_x_-0.375_Source_y_0.375.txt,-0.450,0.375,-0.375,0.375
mirror_Vertical_velocity_73_Source_x_0.375_Source_y_-0.375.txt,0.450,-0.375,0.375,-0.375
mirror_Vertical_velocity_73_Source_x_0.45_Source_y_-0.45.txt,0.450,-0.375,0.450,-0.450
mirror_Vertical_velocity_73_Source_x_0.45_Source_y_-0.3.txt,0.450,-0.375,0.450,-0.300
mirror_Vertical_velocity_73_Source_x_0.525_Source_y_-0.375.txt,0.450,-0.375,0.525,-0.375
mirror_Vertical_velocity_73_Source_x_0.375_Source_y_0.375.txt,0.450,0.375,0.375,0.375
mirror_Vertical_velocity_73_Source_x_0.45_Source_y_0.3.txt,0.450,0.375,0.450,0.300
mirror_Vertical_velocity_73_Source_x_0.45_Source_y_0.45.txt,0.450,0.375,0.450,0.450
mirror_Vertical_velocity_73_Source_x_0.525_Source_y_0.375.txt,0.450,0.375,0.525,0.375
mirror_Vertical_velocity_74_Source_x_-0.375_Source_y_-0.375.txt,-0.300,-0.375,-0.375,-0.375
mirror_Vertical_velocity_74_Source_x_-0.3_Source_y_-0.45.txt,-0.300,-0.375,-0.300,-0.450
mirror_Vertical_velocity_74_Source_x_-0.3_Source_y_-0.3.txt,-0.300,-0.375,-0.300,-0.300
mirror_Vertical_velocity_74_Source_x_-0.225_Source_y_-0.375.txt,-0.300,-0.375,-0.225,-0.375
Vertical_velocity_74_Source_x_-0.375_Source_y_0.375.txt,-0.300,0.375,-0.375,0.375
Vertical_velocity_74_Source_x_-0.3_Source_y_0.3.txt,-0.300,0.375,-0.300,0.300
Vertical_velocity_74_Source_x_-0.3_Source_y_0.45.txt,-0.300,0.375,-0.300,0.450
Vertical_velocity_74_Source_x_-0.225_Source_y_0.375.txt,-0.300,0.375,-0.225,0.375
mirror_Vertical_velocity_74_Source_x_0.225_Source_y_-0.375.txt,0.300,-0.375,0.225,-0.375
mirror_Vertical_velocity_74_Source_x_0.3_Source_y_-0.45.txt,0.300,-0.375,0.300,-0.450
mirror_Vertical_velocity_74_Source_x_0.3_Source_y_-0.3.txt,0.300,-0.375,0.300,-0.300
mirror_Vertical_velocity_74_Source_x_0.375_Source_y_-0.375.txt,0.300,-0.375,0.375,-0.375
mirror_Vertical_velocity_74_Source_x_0.225_Source_y_0.375.txt,0.300,0.375,0.225,0.375
mirror_Vertical_velocity_74_Source_x_0.3_Source_y_0.3.txt,0.300,0.375,0.300,0.300
mirror_Vertical_velocity_74_Source_x_0.3_Source_y_0.45.txt,0.300,0.375,0.300,0.450
mirror_Vertical_velocity_74_Source_x_0.375_Source_y_0.375.txt,0.300,0.375,0.375,0.375
mirror_Vertical_velocity_75_Source_x_-0.225_Source_y_-0.375.txt,-0.150,-0.375,-0.225,-0.375
mirror_Vertical_velocity_75_Source_x_-0.15_Source_y_-0.45.txt,-0.150,-0.375,-0.150,-0.450
mirror_Vertical_velocity_75_Source_x_-0.15_Source_y_-0.3.txt,-0.150,-0.375,-0.150,-0.300
mirror_Vertical_velocity_75_Source_x_-0.075_Source_y_-0.375.txt,-0.150,-0.375,-0.075,-0.375
Vertical_velocity_75_Source_x_-0.225_Source_y_0.375.txt,-0.150,0.375,-0.225,0.375
Vertical_velocity_75_Source_x_-0.15_Source_y_0.3.txt,-0.150,0.375,-0.150,0.300
Vertical_velocity_75_Source_x_-0.15_Source_y_0.45.txt,-0.150,0.375,-0.150,0.450
Vertical_velocity_75_Source_x_-0.075_Source_y_0.375.txt,-0.150,0.375,-0.075,0.375
mirror_Vertical_velocity_75_Source_x_0.075_Source_y_-0.375.txt,0.150,-0.375,0.075,-0.375
mirror_Vertical_velocity_75_Source_x_0.15_Source_y_-0.45.txt,0.150,-0.375,0.150,-0.450
mirror_Vertical_velocity_75_Source_x_0.15_Source_y_-0.3.txt,0.150,-0.375,0.150,-0.300
mirror_Vertical_velocity_75_Source_x_0.225_Source_y_-0.375.txt,0.150,-0.375,0.225,-0.375
mirror_Vertical_velocity_75_Source_x_0.075_Source_y_0.375.txt,0.150,0.375,0.075,0.375
mirror_Vertical_velocity_75_Source_x_0.15_Source_y_0.3.txt,0.150,0.375,0.150,0.300
mirror_Vertical_velocity_75_Source_x_0.15_Source_y_0.45.txt,0.150,0.375,0.150,0.450
mirror_Vertical_velocity_75_Source_x_0.225_Source_y_0.375.txt,0.150,0.375,0.225,0.375
mirror_Vertical_velocity_76_Source_x_-0.075_Source_y_-0.375.txt,0.000,-0.375,-0.075,-0.375
mirror_Vertical_velocity_76_Source_x_0_Source_y_-0.45.txt,0.000,-0.375,0.000,-0.450
mirror_Vertical_velocity_76_Source_x_0_Source_y_-0.3.txt,0.000,-0.375,0.000,-0.300
mirror_Vertical_velocity_76_Source_x_0.075_Source_y_-0.375.txt,0.000,-0.375,0.075,-0.375
Vertical_velocity_76_Source_x_-0.075_Source_y_0.375.txt,0.000,0.375,-0.075,0.375
Vertical_velocity_76_Source_x_0_Source_y_0.3.txt,0.000,0.375,0.000,0.300
Vertical_velocity_76_Source_x_0_Source_y_0.45.txt,0.000,0.375,0.000,0.450
mirror_Vertical_velocity_76_Source_x_0.075_Source_y_0.375.txt,0.000,0.375,0.075,0.375
mirror_Vertical_velocity_77_Source_x_-1.35_Source_y_-0.3.txt,-1.275,-0.300,-1.350,-0.300
mirror_Vertical_velocity_77_Source_x_-1.27_Source_y_-0.375.txt,-1.275,-0.300,-1.275,-0.375
mirror_Vertical_velocity_77_Source_x_-1.27_Source_y_-0.225.txt,-1.275,-0.300,-1.275,-0.225
mirror_Vertical_velocity_77_Source_x_-1.2_Source_y_-0.3.txt,-1.275,-0.300,-1.200,-0.300
Vertical_velocity_77_Source_x_-1.35_Source_y_0.3.txt,-1.275,0.300,-1.350,0.300
Vertical_velocity_77_Source_x_-1.275_Source_y_0.225.txt,-1.275,0.300,-1.275,0.225
Vertical_velocity_77_Source_x_-1.275_Source_y_0.375.txt,-1.275,0.300,-1.275,0.375
Vertical_velocity_77_Source_x_-1.2_Source_y_0.3.txt,-1.275,0.300,-1.200,0.300
mirror_Vertical_velocity_77_Source_x_1.2_Source_y_-0.3.txt,1.275,-0.300,1.200,-0.300
mirror_Vertical_velocity_77_Source_x_1.27_Source_y_-0.375.txt,1.275,-0.300,1.275,-0.375
mirror_Vertical_velocity_77_Source_x_1.27_Source_y_-0.225.txt,1.275,-0.300,1.275,-0.225
mirror_Vertical_velocity_77_Source_x_1.35_Source_y_-0.3.txt,1.275,-0.300,1.350,-0.300
mirror_Vertical_velocity_77_Source_x_1.2_Source_y_0.3.txt,1.275,0.300,1.200,0.300
mirror_Vertical_velocity_77_Source_x_1.27_Source_y_0.225.txt,1.275,0.300,1.275,0.225
mirror_Vertical_velocity_77_Source_x_1.27_Source_y_0.375.txt,1.275,0.300,1.275,0.375
mirror_Vertical_velocity_77_Source_x_1.35_Source_y_0.3.txt,1.275,0.300,1.350,0.300
mirror_Vertical_velocity_78_Source_x_-1.2_Source_y_-0.3.txt,-1.125,-0.300,-1.200,-0.300
mirror_Vertical_velocity_78_Source_x_-1.12_Source_y_-0.375.txt,-1.125,-0.300,-1.125,-0.375
mirror_Vertical_velocity_78_Source_x_-1.12_Source_y_-0.225.txt,-1.125,-0.300,-1.125,-0.225
mirror_Vertical_velocity_78_Source_x_-1.05_Source_y_-0.3.txt,-1.125,-0.300,-1.050,-0.300
Vertical_velocity_78_Source_x_-1.2_Source_y_0.3.txt,-1.125,0.300,-1.200,0.300
Vertical_velocity_78_Source_x_-1.125_Source_y_0.225.txt,-1.125,0.300,-1.125,0.225
Vertical_velocity_78_Source_x_-1.125_Source_y_0.375.txt,-1.125,0.300,-1.125,0.375
Vertical_velocity_78_Source_x_-1.05_Source_y_0.3.txt,-1.125,0.300,-1.050,0.300
mirror_Vertical_velocity_78_Source_x_1.05_Source_y_-0.3.txt,1.125,-0.300,1.050,-0.300
mirror_Vertical_velocity_78_Source_x_1.12_Source_y_-0.375.txt,1.125,-0.300,1.125,-0.375
mirror_Vertical_velocity_78_Source_x_1.12_Source_y_-0.225.txt,1.125,-0.300,1.125,-0.225
mirror_Vertical_velocity_78_Source_x_1.2_Source_y_-0.3.txt,1.125,-0.300,1.200,-0.300
mirror_Vertical_velocity_78_Source_x_1.05_Source_y_0.3.txt,1.125,0.300,1.050,0.300
mirror_Vertical_velocity_78_Source_x_1.12_Source_y_0.225.txt,1.125,0.300,1.125,0.225
mirror_Vertical_velocity_78_Source_x_1.12_Source_y_0.375.txt,1.125,0.300,1.125,0.375
mirror_Vertical_velocity_78_Source_x_1.2_Source_y_0.3.txt,1.125,0.300,1.200,0.300
mirror_Vertical_velocity_79_Source_x_-1.05_Source_y_-0.3.txt,-0.975,-0.300,-1.050,-0.300
mirror_Vertical_velocity_79_Source_x_-0.975_Source_y_-0.375.txt,-0.975,-0.300,-0.975,-0.375
mirror_Vertical_velocity_79_Source_x_-0.975_Source_y_-0.225.txt,-0.975,-0.300,-0.975,-0.225
mirror_Vertical_velocity_79_Source_x_-0.9_Source_y_-0.3.txt,-0.975,-0.300,-0.900,-0.300
Vertical_velocity_79_Source_x_-1.05_Source_y_0.3.txt,-0.975,0.300,-1.050,0.300
Vertical_velocity_79_Source_x_-0.975_Source_y_0.225.txt,-0.975,0.300,-0.975,0.225
Vertical_velocity_79_Source_x_-0.975_Source_y_0.375.txt,-0.975,0.300,-0.975,0.375
Vertical_velocity_79_Source_x_-0.9_Source_y_0.3.txt,-0.975,0.300,-0.900,0.300
mirror_Vertical_velocity_79_Source_x_0.9_Source_y_-0.3.txt,0.975,-0.300,0.900,-0.300
mirror_Vertical_velocity_79_Source_x_0.975_Source_y_-0.375.txt,0.975,-0.300,0.975,-0.375
mirror_Vertical_velocity_79_Source_x_0.975_Source_y_-0.225.txt,0.975,-0.300,0.975,-0.225
mirror_Vertical_velocity_79_Source_x_1.05_Source_y_-0.3.txt,0.975,-0.300,1.050,-0.300
mirror_Vertical_velocity_79_Source_x_0.9_Source_y_0.3.txt,0.975,0.300,0.900,0.300
mirror_Vertical_velocity_79_Source_x_0.975_Source_y_0.225.txt,0.975,0.300,0.975,0.225
mirror_Vertical_velocity_79_Source_x_0.975_Source_y_0.375.txt,0.975,0.300,0.975,0.375
mirror_Vertical_velocity_79_Source_x_1.05_Source_y_0.3.txt,0.975,0.300,1.050,0.300
mirror_Vertical_velocity_80_Source_x_-0.9_Source_y_-0.3.txt,-0.825,-0.300,-0.900,-0.300
mirror_Vertical_velocity_80_Source_x_-0.825_Source_y_-0.375.txt,-0.825,-0.300,-0.825,-0.375
mirror_Vertical_velocity_80_Source_x_-0.825_Source_y_-0.225.txt,-0.825,-0.300,-0.825,-0.225
mirror_Vertical_velocity_80_Source_x_-0.75_Source_y_-0.3.txt,-0.825,-0.300,-0.750,-0.300
Vertical_velocity_80_Source_x_-0.9_Source_y_0.3.txt,-0.825,0.300,-0.900,0.300
Vertical_velocity_80_Source_x_-0.825_Source_y_0.225.txt,-0.825,0.300,-0.825,0.225
Vertical_velocity_80_Source_x_-0.825_Source_y_0.375.txt,-0.825,0.300,-0.825,0.375
Vertical_velocity_80_Source_x_-0.75_Source_y_0.3.txt,-0.825,0.300,-0.750,0.300
mirror_Vertical_velocity_80_Source_x_0.75_Source_y_-0.3.txt,0.825,-0.300,0.750,-0.300
mirror_Vertical_velocity_80_Source_x_0.825_Source_y_-0.375.txt,0.825,-0.300,0.825,-0.375
mirror_Vertical_velocity_80_Source_x_0.825_Source_y_-0.225.txt,0.825,-0.300,0.825,-0.225
mirror_Vertical_velocity_80_Source_x_0.9_Source_y_-0.3.txt,0.825,-0.300,0.900,-0.300
mirror_Vertical_velocity_80_Source_x_0.75_Source_y_0.3.txt,0.825,0.300,0.750,0.300
mirror_Vertical_velocity_80_Source_x_0.825_Source_y_0.225.txt,0.825,0.300,0.825,0.225
mirror_Vertical_velocity_80_Source_x_0.825_Source_y_0.375.txt,0.825,0.300,0.825,0.375
mirror_Vertical_velocity_80_Source_x_0.9_Source_y_0.3.txt,0.825,0.300,0.900,0.300
mirror_Vertical_velocity_81_Source_x_-0.75_Source_y_-0.3.txt,-0.675,-0.300,-0.750,-0.300
mirror_Vertical_velocity_81_Source_x_-0.675_Source_y_-0.375.txt,-0.675,-0.300,-0.675,-0.375
mirror_Vertical_velocity_81_Source_x_-0.675_Source_y_-0.225.txt,-0.675,-0.300,-0.675,-0.225
mirror_Vertical_velocity_81_Source_x_-0.6_Source_y_-0.3.txt,-0.675,-0.300,-0.600,-0.300
Vertical_velocity_81_Source_x_-0.75_Source_y_0.3.txt,-0.675,0.300,-0.750,0.300
Vertical_velocity_81_Source_x_-0.675_Source_y_0.225.txt,-0.675,0.300,-0.675,0.225
Vertical_velocity_81_Source_x_-0.675_Source_y_0.375.txt,-0.675,0.300,-0.675,0.375
Vertical_velocity_81_Source_x_-0.6_Source_y_0.3.txt,-0.675,0.300,-0.600,0.300
mirror_Vertical_velocity_81_Source_x_0.6_Source_y_-0.3.txt,0.675,-0.300,0.600,-0.300
mirror_Vertical_velocity_81_Source_x_0.675_Source_y_-0.375.txt,0.675,-0.300,0.675,-0.375
mirror_Vertical_velocity_81_Source_x_0.675_Source_y_-0.225.txt,0.675,-0.300,0.675,-0.225
mirror_Vertical_velocity_81_Source_x_0.75_Source_y_-0.3.txt,0.675,-0.300,0.750,-0.300
mirror_Vertical_velocity_81_Source_x_0.6_Source_y_0.3.txt,0.675,0.300,0.600,0.300
mirror_Vertical_velocity_81_Source_x_0.675_Source_y_0.225.txt,0.675,0.300,0.675,0.225
mirror_Vertical_velocity_81_Source_x_0.675_Source_y_0.375.txt,0.675,0.300,0.675,0.375
mirror_Vertical_velocity_81_Source_x_0.75_Source_y_0.3.txt,0.675,0.300,0.750,0.300
mirror_Vertical_velocity_82_Source_x_-0.6_Source_y_-0.3.txt,-0.525,-0.300,-0.600,-0.300
mirror_Vertical_velocity_82_Source_x_-0.525_Source_y_-0.375.txt,-0.525,-0.300,-0.525,-0.375
mirror_Vertical_velocity_82_Source_x_-0.525_Source_y_-0.225.txt,-0.525,-0.300,-0.525,-0.225
mirror_Vertical_velocity_82_Source_x_-0.45_Source_y_-0.3.txt,-0.525,-0.300,-0.450,-0.300
Vertical_velocity_82_Source_x_-0.6_Source_y_0.3.txt,-0.525,0.300,-0.600,0.300
Vertical_velocity_82_Source_x_-0.525_Source_y_0.225.txt,-0.525,0.300,-0.525,0.225
Vertical_velocity_82_Source_x_-0.525_Source_y_0.375.txt,-0.525,0.300,-0.525,0.375
Vertical_velocity_82_Source_x_-0.45_Source_y_0.3.txt,-0.525,0.300,-0.450,0.300
mirror_Vertical_velocity_82_Source_x_0.45_Source_y_-0.3.txt,0.525,-0.300,0.450,-0.300
mirror_Vertical_velocity_82_Source_x_0.525_Source_y_-0.375.txt,0.525,-0.300,0.525,-0.375
mirror_Vertical_velocity_82_Source_x_0.525_Source_y_-0.225.txt,0.525,-0.300,0.525,-0.225
mirror_Vertical_velocity_82_Source_x_0.6_Source_y_-0.3.txt,0.525,-0.300,0.600,-0.300
mirror_Vertical_velocity_82_Source_x_0.45_Source_y_0.3.txt,0.525,0.300,0.450,0.300
mirror_Vertical_velocity_82_Source_x_0.525_Source_y_0.225.txt,0.525,0.300,0.525,0.225
mirror_Vertical_velocity_82_Source_x_0.525_Source_y_0.375.txt,0.525,0.300,0.525,0.375
mirror_Vertical_velocity_82_Source_x_0.6_Source_y_0.3.txt,0.525,0.300,0.600,0.300
mirror_Vertical_velocity_83_Source_x_-0.45_Source_y_-0.3.txt,-0.375,-0.300,-0.450,-0.300
mirror_Vertical_velocity_83_Source_x_-0.375_Source_y_-0.375.txt,-0.375,-0.300,-0.375,-0.375
mirror_Vertical_velocity_83_Source_x_-0.375_Source_y_-0.225.txt,-0.375,-0.300,-0.375,-0.225
mirror_Vertical_velocity_83_Source_x_-0.3_Source_y_-0.3.txt,-0.375,-0.300,-0.300,-0.300
Vertical_velocity_83_Source_x_-0.45_Source_y_0.3.txt,-0.375,0.300,-0.450,0.300
Vertical_velocity_83_Source_x_-0.375_Source_y_0.225.txt,-0.375,0.300,-0.375,0.225
Vertical_velocity_83_Source_x_-0.375_Source_y_0.375.txt,-0.375,0.300,-0.375,0.375
Vertical_velocity_83_Source_x_-0.3_Source_y_0.3.txt,-0.375,0.300,-0.300,0.300
mirror_Vertical_velocity_83_Source_x_0.3_Source_y_-0.3.txt,0.375,-0.300,0.300,-0.300
mirror_Vertical_velocity_83_Source_x_0.375_Source_y_-0.375.txt,0.375,-0.300,0.375,-0.375
mirror_Vertical_velocity_83_Source_x_0.375_Source_y_-0.225.txt,0.375,-0.300,0.375,-0.225
mirror_Vertical_velocity_83_Source_x_0.45_Source_y_-0.3.txt,0.375,-0.300,0.450,-0.300
mirror_Vertical_velocity_83_Source_x_0.3_Source_y_0.3.txt,0.375,0.300,0.300,0.300
mirror_Vertical_velocity_83_Source_x_0.375_Source_y_0.225.txt,0.375,0.300,0.375,0.225
mirror_Vertical_velocity_83_Source_x_0.375_Source_y_0.375.txt,0.375,0.300,0.375,0.375
mirror_Vertical_velocity_83_Source_x_0.45_Source_y_0.3.txt,0.375,0.300,0.450,0.300
mirror_Vertical_velocity_84_Source_x_-0.3_Source_y_-0.3.txt,-0.225,-0.300,-0.300,-0.300
mirror_Vertical_velocity_84_Source_x_-0.225_Source_y_-0.375.txt,-0.225,-0.300,-0.225,-0.375
mirror_Vertical_velocity_84_Source_x_-0.225_Source_y_-0.225.txt,-0.225,-0.300,-0.225,-0.225
mirror_Vertical_velocity_84_Source_x_-0.15_Source_y_-0.3.txt,-0.225,-0.300,-0.150,-0.300
Vertical_velocity_84_Source_x_-0.3_Source_y_0.3.txt,-0.225,0.300,-0.300,0.300
Vertical_velocity_84_Source_x_-0.225_Source_y_0.225.txt,-0.225,0.300,-0.225,0.225
Vertical_velocity_84_Source_x_-0.225_Source_y_0.375.txt,-0.225,0.300,-0.225,0.375
Vertical_velocity_84_Source_x_-0.15_Source_y_0.3.txt,-0.225,0.300,-0.150,0.300
mirror_Vertical_velocity_84_Source_x_0.15_Source_y_-0.3.txt,0.225,-0.300,0.150,-0.300
mirror_Vertical_velocity_84_Source_x_0.225_Source_y_-0.375.txt,0.225,-0.300,0.225,-0.375
mirror_Vertical_velocity_84_Source_x_0.225_Source_y_-0.225.txt,0.225,-0.300,0.225,-0.225
mirror_Vertical_velocity_84_Source_x_0.3_Source_y_-0.3.txt,0.225,-0.300,0.300,-0.300
mirror_Vertical_velocity_84_Source_x_0.15_Source_y_0.3.txt,0.225,0.300,0.150,0.300
mirror_Vertical_velocity_84_Source_x_0.225_Source_y_0.225.txt,0.225,0.300,0.225,0.225
mirror_Vertical_velocity_84_Source_x_0.225_Source_y_0.375.txt,0.225,0.300,0.225,0.375
mirror_Vertical_velocity_84_Source_x_0.3_Source_y_0.3.txt,0.225,0.300,0.300,0.300
mirror_Vertical_velocity_85_Source_x_-0.15_Source_y_-0.3.txt,-0.075,-0.300,-0.150,-0.300
mirror_Vertical_velocity_85_Source_x_-0.075_Source_y_-0.375.txt,-0.075,-0.300,-0.075,-0.375
mirror_Vertical_velocity_85_Source_x_-0.075_Source_y_-0.225.txt,-0.075,-0.300,-0.075,-0.225
mirror_Vertical_velocity_85_Source_x_0_Source_y_-0.3.txt,-0.075,-0.300,0.000,-0.300
Vertical_velocity_85_Source_x_-0.15_Source_y_0.3.txt,-0.075,0.300,-0.150,0.300
Vertical_velocity_85_Source_x_-0.075_Source_y_0.225.txt,-0.075,0.300,-0.075,0.225
Vertical_velocity_85_Source_x_-0.075_Source_y_0.375.txt,-0.075,0.300,-0.075,0.375
Vertical_velocity_85_Source_x_0_Source_y_0.3.txt,-0.075,0.300,0.000,0.300
mirror_Vertical_velocity_85_Source_x_-0_Source_y_-0.3.txt,0.075,-0.300,0.000,-0.300
mirror_Vertical_velocity_85_Source_x_0.075_Source_y_-0.375.txt,0.075,-0.300,0.075,-0.375
mirror_Vertical_velocity_85_Source_x_0.075_Source_y_-0.225.txt,0.075,-0.300,0.075,-0.225
mirror_Vertical_velocity_85_Source_x_0.15_Source_y_-0.3.txt,0.075,-0.300,0.150,-0.300
mirror_Vertical_velocity_85_Source_x_-0_Source_y_0.3.txt,0.075,0.300,0.000,0.300
mirror_Vertical_velocity_85_Source_x_0.075_Source_y_0.225.txt,0.075,0.300,0.075,0.225
mirror_Vertical_velocity_85_Source_x_0.075_Source_y_0.375.txt,0.075,0.300,0.075,0.375
mirror_Vertical_velocity_85_Source_x_0.15_Source_y_0.3.txt,0.075,0.300,0.150,0.300
mirror_Vertical_velocity_86_Source_x_-1.35_Source_y_-0.3.txt,-1.350,-0.225,-1.350,-0.300
mirror_Vertical_velocity_86_Source_x_-1.35_Source_y_-0.15.txt,-1.350,-0.225,-1.350,-0.150
mirror_Vertical_velocity_86_Source_x_-1.27_Source_y_-0.225.txt,-1.350,-0.225,-1.275,-0.225
Vertical_velocity_86_Source_x_-1.35_Source_y_0.15.txt,-1.350,0.225,-1.350,0.150
Vertical_velocity_86_Source_x_-1.35_Source_y_0.3.txt,-1.350,0.225,-1.350,0.300
Vertical_velocity_86_Source_x_-1.275_Source_y_0.225.txt,-1.350,0.225,-1.275,0.225
mirror_Vertical_velocity_86_Source_x_1.27_Source_y_-0.225.txt,1.350,-0.225,1.275,-0.225
mirror_Vertical_velocity_86_Source_x_1.35_Source_y_-0.3.txt,1.350,-0.225,1.350,-0.300
mirror_Vertical_velocity_86_Source_x_1.35_Source_y_-0.15.txt,1.350,-0.225,1.350,-0.150
mirror_Vertical_velocity_86_Source_x_1.27_Source_y_0.225.txt,1.350,0.225,1.275,0.225
mirror_Vertical_velocity_86_Source_x_1.35_Source_y_0.15.txt,1.350,0.225,1.350,0.150
mirror_Vertical_velocity_86_Source_x_1.35_Source_y_0.3.txt,1.350,0.225,1.350,0.300
mirror_Vertical_velocity_87_Source_x_-1.27_Source_y_-0.225.txt,-1.200,-0.225,-1.275,-0.225
mirror_Vertical_velocity_87_Source_x_-1.2_Source_y_-0.3.txt,-1.200,-0.225,-1.200,-0.300
mirror_Vertical_velocity_87_Source_x_-1.2_Source_y_-0.15.txt,-1.200,-0.225,-1.200,-0.150
mirror_Vertical_velocity_87_Source_x_-1.12_Source_y_-0.225.txt,-1.200,-0.225,-1.125,-0.225
Vertical_velocity_87_Source_x_-1.275_Source_y_0.225.txt,-1.200,0.225,-1.275,0.225
Vertical_velocity_87_Source_x_-1.2_Source_y_0.15.txt,-1.200,0.225,-1.200,0.150
Vertical_velocity_87_Source_x_-1.2_Source_y_0.3.txt,-1.200,0.225,-1.200,0.300
Vertical_velocity_87_Source_x_-1.125_Source_y_0.225.txt,-1.200,0.225,-1.125,0.225
mirror_Vertical_velocity_87_Source_x_1.12_Source_y_-0.225.txt,1.200,-0.225,1.125,-0.225
mirror_Vertical_velocity_87_Source_x_1.2_Source_y_-0.3.txt,1.200,-0.225,1.200,-0.300
mirror_Vertical_velocity_87_Source_x_1.2_Source_y_-0.15.txt,1.200,-0.225,1.200,-0.150
mirror_Vertical_velocity_87_Source_x_1.27_Source_y_-0.225.txt,1.200,-0.225,1.275,-0.225
mirror_Vertical_velocity_87_Source_x_1.12_Source_y_0.225.txt,1.200,0.225,1.125,0.225
mirror_Vertical_velocity_87_Source_x_1.2_Source_y_0.15.txt,1.200,0.225,1.200,0.150
mirror_Vertical_velocity_87_Source_x_1.2_Source_y_0.3.txt,1.200,0.225,1.200,0.300
mirror_Vertical_velocity_87_Source_x_1.27_Source_y_0.225.txt,1.200,0.225,1.275,0.225
mirror_Vertical_velocity_88_Source_x_-1.12_Source_y_-0.225.txt,-1.050,-0.225,-1.125,-0.225
mirror_Vertical_velocity_88_Source_x_-1.05_Source_y_-0.3.txt,-1.050,-0.225,-1.050,-0.300
mirror_Vertical_velocity_88_Source_x_-1.05_Source_y_-0.15.txt,-1.050,-0.225,-1.050,-0.150
mirror_Vertical_velocity_88_Source_x_-0.975_Source_y_-0.225.txt,-1.050,-0.225,-0.975,-0.225
Vertical_velocity_88_Source_x_-1.125_Source_y_0.225.txt,-1.050,0.225,-1.125,0.225
Vertical_velocity_88_Source_x_-1.05_Source_y_0.15.txt,-1.050,0.225,-1.050,0.150
Vertical_velocity_88_Source_x_-1.05_Source_y_0.3.txt,-1.050,0.225,-1.050,0.300
Vertical_velocity_88_Source_x_-0.975_Source_y_0.225.txt,-1.050,0.225,-0.975,0.225
mirror_Vertical_velocity_88_Source_x_0.975_Source_y_-0.225.txt,1.050,-0.225,0.975,-0.225
mirror_Vertical_velocity_88_Source_x_1.05_Source_y_-0.3.txt,1.050,-0.225,1.050,-0.300
mirror_Vertical_velocity_88_Source_x_1.05_Source_y_-0.15.txt,1.050,-0.225,1.050,-0.150
mirror_Vertical_velocity_88_Source_x_1.12_Source_y_-0.225.txt,1.050,-0.225,1.125,-0.225
mirror_Vertical_velocity_88_Source_x_0.975_Source_y_0.225.txt,1.050,0.225,0.975,0.225
mirror_Vertical_velocity_88_Source_x_1.05_Source_y_0.15.txt,1.050,0.225,1.050,0.150
mirror_Vertical_velocity_88_Source_x_1.05_Source_y_0.3.txt,1.050,0.225,1.050,0.300
mirror_Vertical_velocity_88_Source_x_1.12_Source_y_0.225.txt,1.050,0.225,1.125,0.225
mirror_Vertical_velocity_89_Source_x_-0.975_Source_y_-0.225.txt,-0.900,-0.225,-0.975,-0.225
mirror_Vertical_velocity_89_Source_x_-0.9_Source_y_-0.3.txt,-0.900,-0.225,-0.900,-0.300
mirror_Vertical_velocity_89_Source_x_-0.9_Source_y_-0.15.txt,-0.900,-0.225,-0.900,-0.150
mirror_Vertical_velocity_89_Source_x_-0.825_Source_y_-0.225.txt,-0.900,-0.225,-0.825,-0.225
Vertical_velocity_89_Source_x_-0.975_Source_y_0.225.txt,-0.900,0.225,-0.975,0.225
Vertical_velocity_89_Source_x_-0.9_Source_y_0.15.txt,-0.900,0.225,-0.900,0.150
Vertical_velocity_89_Source_x_-0.9_Source_y_0.3.txt,-0.900,0.225,-0.900,0.300
Vertical_velocity_89_Source_x_-0.825_Source_y_0.225.txt,-0.900,0.225,-0.825,0.225
mirror_Vertical_velocity_89_Source_x_0.825_Source_y_-0.225.txt,0.900,-0.225,0.825,-0.225
mirror_Vertical_velocity_89_Source_x_0.9_Source_y_-0.3.txt,0.900,-0.225,0.900,-0.300
mirror_Vertical_velocity_89_Source_x_0.9_Source_y_-0.15.txt,0.900,-0.225,0.900,-0.150
mirror_Vertical_velocity_89_Source_x_0.975_Source_y_-0.225.txt,0.900,-0.225,0.975,-0.225
mirror_Vertical_velocity_89_Source_x_0.825_Source_y_0.225.txt,0.900,0.225,0.825,0.225
mirror_Vertical_velocity_89_Source_x_0.9_Source_y_0.15.txt,0.900,0.225,0.900,0.150
mirror_Vertical_velocity_89_Source_x_0.9_Source_y_0.3.txt,0.900,0.225,0.900,0.300
mirror_Vertical_velocity_89_Source_x_0.975_Source_y_0.225.txt,0.900,0.225,0.975,0.225
mirror_Vertical_velocity_90_Source_x_-0.825_Source_y_-0.225.txt,-0.750,-0.225,-0.825,-0.225
mirror_Vertical_velocity_90_Source_x_-0.75_Source_y_-0.3.txt,-0.750,-0.225,-0.750,-0.300
mirror_Vertical_velocity_90_Source_x_-0.75_Source_y_-0.15.txt,-0.750,-0.225,-0.750,-0.150
mirror_Vertical_velocity_90_Source_x_-0.675_Source_y_-0.225.txt,-0.750,-0.225,-0.675,-0.225
Vertical_velocity_90_Source_x_-0.825_Source_y_0.225.txt,-0.750,0.225,-0.825,0.225
Vertical_velocity_90_Source_x_-0.75_Source_y_0.15.txt,-0.750,0.225,-0.750,0.150
Vertical_velocity_90_Source_x_-0.75_Source_y_0.3.txt,-0.750,0.225,-0.750,0.300
Vertical_velocity_90_Source_x_-0.675_Source_y_0.225.txt,-0.750,0.225,-0.675,0.225
mirror_Vertical_velocity_90_Source_x_0.675_Source_y_-0.225.txt,0.750,-0.225,0.675,-0.225
mirror_Vertical_velocity_90_Source_x_0.75_Source_y_-0.3.txt,0.750,-0.225,0.750,-0.300
mirror_Vertical_velocity_90_Source_x_0.75_Source_y_-0.15.txt,0.750,-0.225,0.750,-0.150
mirror_Vertical_velocity_90_Source_x_0.825_Source_y_-0.225.txt,0.750,-0.225,0.825,-0.225
mirror_Vertical_velocity_90_Source_x_0.675_Source_y_0.225.txt,0.750,0.225,0.675,0.225
mirror_Vertical_velocity_90_Source_x_0.75_Source_y_0.15.txt,0.750,0.225,0.750,0.150
mirror_Vertical_velocity_90_Source_x_0.75_Source_y_0.3.txt,0.750,0.225,0.750,0.300
mirror_Vertical_velocity_90_Source_x_0.825_Source_y_0.225.txt,0.750,0.225,0.825,0.225
mirror_Vertical_velocity_91_Source_x_-0.675_Source_y_-0.225.txt,-0.600,-0.225,-0.675,-0.225
mirror_Vertical_velocity_91_Source_x_-0.6_Source_y_-0.3.txt,-0.600,-0.225,-0.600,-0.300
mirror_Vertical_velocity_91_Source_x_-0.6_Source_y_-0.15.txt,-0.600,-0.225,-0.600,-0.150
mirror_Vertical_velocity_91_Source_x_-0.525_Source_y_-0.225.txt,-0.600,-0.225,-0.525,-0.225
Vertical_velocity_91_Source_x_-0.675_Source_y_0.225.txt,-0.600,0.225,-0.675,0.225
Vertical_velocity_91_Source_x_-0.6_Source_y_0.15.txt,-0.600,0.225,-0.600,0.150
Vertical_velocity_91_Source_x_-0.6_Source_y_0.3.txt,-0.600,0.225,-0.600,0.300
Vertical_velocity_91_Source_x_-0.525_Source_y_0.225.txt,-0.600,0.225,-0.525,0.225
mirror_Vertical_velocity_91_Source_x_0.525_Source_y_-0.225.txt,0.600,-0.225,0.525,-0.225
mirror_Vertical_velocity_91_Source_x_0.6_Source_y_-0.3.txt,0.600,-0.225,0.600,-0.300
mirror_Vertical_velocity_91_Source_x_0.6_Source_y_-0.15.txt,0.600,-0.225,0.600,-0.150
mirror_Vertical_velocity_91_Source_x_0.675_Source_y_-0.225.txt,0.600,-0.225,0.675,-0.225
mirror_Vertical_velocity_91_Source_x_0.525_Source_y_0.225.txt,0.600,0.225,0.525,0.225
mirror_Vertical_velocity_91_Source_x_0.6_Source_y_0.15.txt,0.600,0.225,0.600,0.150
mirror_Vertical_velocity_91_Source_x_0.6_Source_y_0.3.txt,0.600,0.225,0.600,0.300
mirror_Vertical_velocity_91_Source_x_0.675_Source_y_0.225.txt,0.600,0.225,0.675,0.225
mirror_Vertical_velocity_92_Source_x_-0.525_Source_y_-0.225.txt,-0.450,-0.225,-0.525,-0.225
mirror_Vertical_velocity_92_Source_x_-0.45_Source_y_-0.3.txt,-0.450,-0.225,-0.450,-0.300
mirror_Vertical_velocity_92_Source_x_-0.45_Source_y_-0.15.txt,-0.450,-0.225,-0.450,-0.150
mirror_Vertical_velocity_92_Source_x_-0.375_Source_y_-0.225.txt,-0.450,-0.225,-0.375,-0.225
Vertical_velocity_92_Source_x_-0.525_Source_y_0.225.txt,-0.450,0.225,-0.525,0.225
Vertical_velocity_92_Source_x_-0.45_Source_y_0.15.txt,-0.450,0.225,-0.450,0.150
Vertical_velocity_92_Source_x_-0.45_Source_y_0.3.txt,-0.450,0.225,-0.450,0.300
Vertical_velocity_92_Source_x_-0.375_Source_y_0.225.txt,-0.450,0.225,-0.375,0.225
mirror_Vertical_velocity_92_Source_x_0.375_Source_y_-0.225.txt,0.450,-0.225,0.375,-0.225
mirror_Vertical_velocity_92_Source_x_0.45_Source_y_-0.3.txt,0.450,-0.225,0.450,-0.300
mirror_Vertical_velocity_92_Source_x_0.45_Source_y_-0.15.txt,0.450,-0.225,0.450,-0.150
mirror_Vertical_velocity_92_Source_x_0.525_Source_y_-0.225.txt,0.450,-0.225,0.525,-0.225
mirror_Vertical_velocity_92_Source_x_0.375_Source_y_0.225.txt,0.450,0.225,0.375,0.225
mirror_Vertical_velocity_92_Source_x_0.45_Source_y_0.15.txt,0.450,0.225,0.450,0.150
mirror_Vertical_velocity_92_Source_x_0.45_Source_y_0.3.txt,0.450,0.225,0.450,0.300
mirror_Vertical_velocity_92_Source_x_0.525_Source_y_0.225.txt,0.450,0.225,0.525,0.225
mirror_Vertical_velocity_93_Source_x_-0.375_Source_y_-0.225.txt,-0.300,-0.225,-0.375,-0.225
mirror_Vertical_velocity_93_Source_x_-0.3_Source_y_-0.3.txt,-0.300,-0.225,-0.300,-0.300
mirror_Vertical_velocity_93_Source_x_-0.3_Source_y_-0.15.txt,-0.300,-0.225,-0.300,-0.150
mirror_Vertical_velocity_93_Source_x_-0.225_Source_y_-0.225.txt,-0.300,-0.225,-0.225,-0.225
Vertical_velocity_93_Source_x_-0.375_Source_y_0.225.txt,-0.300,0.225,-0.375,0.225
Vertical_velocity_93_Source_x_-0.3_Source_y_0.15.txt,-0.300,0.225,-0.300,0.150
Vertical_velocity_93_Source_x_-0.3_Source_y_0.3.txt,-0.300,0.225,-0.300,0.300
Vertical_velocity_93_Source_x_-0.225_Source_y_0.225.txt,-0.300,0.225,-0.225,0.225
mirror_Vertical_velocity_93_Source_x_0.225_Source_y_-0.225.txt,0.300,-0.225,0.225,-0.225
mirror_Vertical_velocity_93_Source_x_0.3_Source_y_-0.3.txt,0.300,-0.225,0.300,-0.300
mirror_Vertical_velocity_93_Source_x_0.3_Source_y_-0.15.txt,0.300,-0.225,0.300,-0.150
mirror_Vertical_velocity_93_Source_x_0.375_Source_y_-0.225.txt,0.300,-0.225,0.375,-0.225
mirror_Vertical_velocity_93_Source_x_0.225_Source_y_0.225.txt,0.300,0.225,0.225,0.225
mirror_Vertical_velocity_93_Source_x_0.3_Source_y_0.15.txt,0.300,0.225,0.300,0.150
mirror_Vertical_velocity_93_Source_x_0.3_Source_y_0.3.txt,0.300,0.225,0.300,0.300
mirror_Vertical_velocity_93_Source_x_0.375_Source_y_0.225.txt,0.300,0.225,0.375,0.225
mirror_Vertical_velocity_94_Source_x_-0.225_Source_y_-0.225.txt,-0.150,-0.225,-0.225,-0.225
mirror_Vertical_velocity_94_Source_x_-0.15_Source_y_-0.3.txt,-0.150,-0.225,-0.150,-0.300
mirror_Vertical_velocity_94_Source_x_-0.15_Source_y_-0.15.txt,-0.150,-0.225,-0.150,-0.150
mirror_Vertical_velocity_94_Source_x_-0.075_Source_y_-0.225.txt,-0.150,-0.225,-0.075,-0.225
Vertical_velocity_94_Source_x_-0.225_Source_y_0.225.txt,-0.150,0.225,-0.225,0.225
Vertical_velocity_94_Source_x_-0.15_Source_y_0.15.txt,-0.150,0.225,-0.150,0.150
Vertical_velocity_94_Source_x_-0.15_Source_y_0.3.txt,-0.150,0.225,-0.150,0.300
Vertical_velocity_94_Source_x_-0.075_Source_y_0.225.txt,-0.150,0.225,-0.075,0.225
mirror_Vertical_velocity_94_Source_x_0.075_Source_y_-0.225.txt,0.150,-0.225,0.075,-0.225
mirror_Vertical_velocity_94_Source_x_0.15_Source_y_-0.3.txt,0.150,-0.225,0.150,-0.300
mirror_Vertical_velocity_94_Source_x_0.15_Source_y_-0.15.txt,0.150,-0.225,0.150,-0.150
mirror_Vertical_velocity_94_Source_x_0.225_Source_y_-0.225.txt,0.150,-0.225,0.225,-0.225
mirror_Vertical_velocity_94_Source_x_0.075_Source_y_0.225.txt,0.150,0.225,0.075,0.225
mirror_Vertical_velocity_94_Source_x_0.15_Source_y_0.15.txt,0.150,0.225,0.150,0.150
mirror_Vertical_velocity_94_Source_x_0.15_Source_y_0.3.txt,0.150,0.225,0.150,0.300
mirror_Vertical_velocity_94_Source_x_0.225_Source_y_0.225.txt,0.150,0.225,0.225,0.225
mirror_Vertical_velocity_95_Source_x_-0.075_Source_y_-0.225.txt,0.000,-0.225,-0.075,-0.225
mirror_Vertical_velocity_95_Source_x_0_Source_y_-0.3.txt,0.000,-0.225,0.000,-0.300
mirror_Vertical_velocity_95_Source_x_0_Source_y_-0.15.txt,0.000,-0.225,0.000,-0.150
mirror_Vertical_velocity_95_Source_x_0.075_Source_y_-0.225.txt,0.000,-0.225,0.075,-0.225
Vertical_velocity_95_Source_x_-0.075_Source_y_0.225.txt,0.000,0.225,-0.075,0.225
Vertical_velocity_95_Source_x_0_Source_y_0.15.txt,0.000,0.225,0.000,0.150
Vertical_velocity_95_Source_x_0_Source_y_0.3.txt,0.000,0.225,0.000,0.300
mirror_Vertical_velocity_95_Source_x_0.075_Source_y_0.225.txt,0.000,0.225,0.075,0.225
mirror_Vertical_velocity_96_Source_x_-1.35_Source_y_-0.15.txt,-1.275,-0.150,-1.350,-0.150
mirror_Vertical_velocity_96_Source_x_-1.27_Source_y_-0.225.txt,-1.275,-0.150,-1.275,-0.225
mirror_Vertical_velocity_96_Source_x_-1.27_Source_y_-0.075.txt,-1.275,-0.150,-1.275,-0.075
mirror_Vertical_velocity_96_Source_x_-1.2_Source_y_-0.15.txt,-1.275,-0.150,-1.200,-0.150
Vertical_velocity_96_Source_x_-1.35_Source_y_0.15.txt,-1.275,0.150,-1.350,0.150
Vertical_velocity_96_Source_x_-1.275_Source_y_0.075.txt,-1.275,0.150,-1.275,0.075
Vertical_velocity_96_Source_x_-1.275_Source_y_0.225.txt,-1.275,0.150,-1.275,0.225
Vertical_velocity_96_Source_x_-1.2_Source_y_0.15.txt,-1.275,0.150,-1.200,0.150
mirror_Vertical_velocity_96_Source_x_1.2_Source_y_-0.15.txt,1.275,-0.150,1.200,-0.150
mirror_Vertical_velocity_96_Source_x_1.27_Source_y_-0.225.txt,1.275,-0.150,1.275,-0.225
mirror_Vertical_velocity_96_Source_x_1.27_Source_y_-0.075.txt,1.275,-0.150,1.275,-0.075
mirror_Vertical_velocity_96_Source_x_1.35_Source_y_-0.15.txt,1.275,-0.150,1.350,-0.150
mirror_Vertical_velocity_96_Source_x_1.2_Source_y_0.15.txt,1.275,0.150,1.200,0.150
mirror_Vertical_velocity_96_Source_x_1.27_Source_y_0.075.txt,1.275,0.150,1.275,0.075
mirror_Vertical_velocity_96_Source_x_1.27_Source_y_0.225.txt,1.275,0.150,1.275,0.225
mirror_Vertical_velocity_96_Source_x_1.35_Source_y_0.15.txt,1.275,0.150,1.350,0.150
mirror_Vertical_velocity_97_Source_x_-1.2_Source_y_-0.15.txt,-1.125,-0.150,-1.200,-0.150
mirror_Vertical_velocity_97_Source_x_-1.12_Source_y_-0.225.txt,-1.125,-0.150,-1.125,-0.225
mirror_Vertical_velocity_97_Source_x_-1.12_Source_y_-0.075.txt,-1.125,-0.150,-1.125,-0.075
mirror_Vertical_velocity_97_Source_x_-1.05_Source_y_-0.15.txt,-1.125,-0.150,-1.050,-0.150
Vertical_velocity_97_Source_x_-1.2_Source_y_0.15.txt,-1.125,0.150,-1.200,0.150
Vertical_velocity_97_Source_x_-1.125_Source_y_0.075.txt,-1.125,0.150,-1.125,0.075
Vertical_velocity_97_Source_x_-1.125_Source_y_0.225.txt,-1.125,0.150,-1.125,0.225
Vertical_velocity_97_Source_x_-1.05_Source_y_0.15.txt,-1.125,0.150,-1.050,0.150
mirror_Vertical_velocity_97_Source_x_1.05_Source_y_-0.15.txt,1.125,-0.150,1.050,-0.150
mirror_Vertical_velocity_97_Source_x_1.12_Source_y_-0.225.txt,1.125,-0.150,1.125,-0.225
mirror_Vertical_velocity_97_Source_x_1.12_Source_y_-0.075.txt,1.125,-0.150,1.125,-0.075
mirror_Vertical_velocity_97_Source_x_1.2_Source_y_-0.15.txt,1.125,-0.150,1.200,-0.150
mirror_Vertical_velocity_97_Source_x_1.05_Source_y_0.15.txt,1.125,0.150,1.050,0.150
mirror_Vertical_velocity_97_Source_x_1.12_Source_y_0.075.txt,1.125,0.150,1.125,0.075
mirror_Vertical_velocity_97_Source_x_1.12_Source_y_0.225.txt,1.125,0.150,1.125,0.225
mirror_Vertical_velocity_97_Source_x_1.2_Source_y_0.15.txt,1.125,0.150,1.200,0.150
mirror_Vertical_velocity_98_Source_x_-1.05_Source_y_-0.15.txt,-0.975,-0.150,-1.050,-0.150
mirror_Vertical_velocity_98_Source_x_-0.975_Source_y_-0.225.txt,-0.975,-0.150,-0.975,-0.225
mirror_Vertical_velocity_98_Source_x_-0.975_Source_y_-0.075.txt,-0.975,-0.150,-0.975,-0.075
mirror_Vertical_velocity_98_Source_x_-0.9_Source_y_-0.15.txt,-0.975,-0.150,-0.900,-0.150
Vertical_velocity_98_Source_x_-1.05_Source_y_0.15.txt,-0.975,0.150,-1.050,0.150
Vertical_velocity_98_Source_x_-0.975_Source_y_0.075.txt,-0.975,0.150,-0.975,0.075
Vertical_velocity_98_Source_x_-0.975_Source_y_0.225.txt,-0.975,0.150,-0.975,0.225
Vertical_velocity_98_Source_x_-0.9_Source_y_0.15.txt,-0.975,0.150,-0.900,0.150
mirror_Vertical_velocity_98_Source_x_0.9_Source_y_-0.15.txt,0.975,-0.150,0.900,-0.150
mirror_Vertical_velocity_98_Source_x_0.975_Source_y_-0.225.txt,0.975,-0.150,0.975,-0.225
mirror_Vertical_velocity_98_Source_x_0.975_Source_y_-0.075.txt,0.975,-0.150,0.975,-0.075
mirror_Vertical_velocity_98_Source_x_1.05_Source_y_-0.15.txt,0.975,-0.150,1.050,-0.150
mirror_Vertical_velocity_98_Source_x_0.9_Source_y_0.15.txt,0.975,0.150,0.900,0.150
mirror_Vertical_velocity_98_Source_x_0.975_Source_y_0.075.txt,0.975,0.150,0.975,0.075
mirror_Vertical_velocity_98_Source_x_0.975_Source_y_0.225.txt,0.975,0.150,0.975,0.225
mirror_Vertical_velocity_98_Source_x_1.05_Source_y_0.15.txt,0.975,0.150,1.050,0.150
mirror_Vertical_velocity_99_Source_x_-0.9_Source_y_-0.15.txt,-0.825,-0.150,-0.900,-0.150
mirror_Vertical_velocity_99_Source_x_-0.825_Source_y_-0.225.txt,-0.825,-0.150,-0.825,-0.225
mirror_Vertical_velocity_99_Source_x_-0.825_Source_y_-0.075.txt,-0.825,-0.150,-0.825,-0.075
mirror_Vertical_velocity_99_Source_x_-0.75_Source_y_-0.15.txt,-0.825,-0.150,-0.750,-0.150
Vertical_velocity_99_Source_x_-0.9_Source_y_0.15.txt,-0.825,0.150,-0.900,0.150
Vertical_velocity_99_Source_x_-0.825_Source_y_0.075.txt,-0.825,0.150,-0.825,0.075
Vertical_velocity_99_Source_x_-0.825_Source_y_0.225.txt,-0.825,0.150,-0.825,0.225
Vertical_velocity_99_Source_x_-0.75_Source_y_0.15.txt,-0.825,0.150,-0.750,0.150
mirror_Vertical_velocity_99_Source_x_0.75_Source_y_-0.15.txt,0.825,-0.150,0.750,-0.150
mirror_Vertical_velocity_99_Source_x_0.825_Source_y_-0.225.txt,0.825,-0.150,0.825,-0.225
mirror_Vertical_velocity_99_Source_x_0.825_Source_y_-0.075.txt,0.825,-0.150,0.825,-0.075
mirror_Vertical_velocity_99_Source_x_0.9_Source_y_-0.15.txt,0.825,-0.150,0.900,-0.150
mirror_Vertical_velocity_99_Source_x_0.75_Source_y_0.15.txt,0.825,0.150,0.750,0.150
mirror_Vertical_velocity_99_Source_x_0.825_Source_y_0.075.txt,0.825,0.150,0.825,0.075
mirror_Vertical_velocity_99_Source_x_0.825_Source_y_0.225.txt,0.825,0.150,0.825,0.225
mirror_Vertical_velocity_99_Source_x_0.9_Source_y_0.15.txt,0.825,0.150,0.900,0.150
mirror_Vertical_velocity_100_Source_x_-0.75_Source_y_-0.15.txt,-0.675,-0.150,-0.750,-0.150
mirror_Vertical_velocity_100_Source_x_-0.675_Source_y_-0.225.txt,-0.675,-0.150,-0.675,-0.225
mirror_Vertical_velocity_100_Source_x_-0.675_Source_y_-0.075.txt,-0.675,-0.150,-0.675,-0.075
mirror_Vertical_velocity_100_Source_x_-0.6_Source_y_-0.15.txt,-0.675,-0.150,-0.600,-0.150
Vertical_velocity_100_Source_x_-0.75_Source_y_0.15.txt,-0.675,0.150,-0.750,0.150
Vertical_velocity_100_Source_x_-0.675_Source_y_0.075.txt,-0.675,0.150,-0.675,0.075
Vertical_velocity_100_Source_x_-0.675_Source_y_0.225.txt,-0.675,0.150,-0.675,0.225
Vertical_velocity_100_Source_x_-0.6_Source_y_0.15.txt,-0.675,0.150,-0.600,0.150
mirror_Vertical_velocity_100_Source_x_0.6_Source_y_-0.15.txt,0.675,-0.150,0.600,-0.150
mirror_Vertical_velocity_100_Source_x_0.675_Source_y_-0.225.txt,0.675,-0.150,0.675,-0.225
mirror_Vertical_velocity_100_Source_x_0.675_Source_y_-0.075.txt,0.675,-0.150,0.675,-0.075
mirror_Vertical_velocity_100_Source_x_0.75_Source_y_-0.15.txt,0.675,-0.150,0.750,-0.150
mirror_Vertical_velocity_100_Source_x_0.6_Source_y_0.15.txt,0.675,0.150,0.600,0.150
mirror_Vertical_velocity_100_Source_x_0.675_Source_y_0.075.txt,0.675,0.150,0.675,0.075
mirror_Vertical_velocity_100_Source_x_0.675_Source_y_0.225.txt,0.675,0.150,0.675,0.225
mirror_Vertical_velocity_100_Source_x_0.75_Source_y_0.15.txt,0.675,0.150,0.750,0.150
mirror_Vertical_velocity_101_Source_x_-0.6_Source_y_-0.15.txt,-0.525,-0.150,-0.600,-0.150
mirror_Vertical_velocity_101_Source_x_-0.525_Source_y_-0.225.txt,-0.525,-0.150,-0.525,-0.225
mirror_Vertical_velocity_101_Source_x_-0.525_Source_y_-0.075.txt,-0.525,-0.150,-0.525,-0.075
mirror_Vertical_velocity_101_Source_x_-0.45_Source_y_-0.15.txt,-0.525,-0.150,-0.450,-0.150
Vertical_velocity_101_Source_x_-0.6_Source_y_0.15.txt,-0.525,0.150,-0.600,0.150
Vertical_velocity_101_Source_x_-0.525_Source_y_0.075.txt,-0.525,0.150,-0.525,0.075
Vertical_velocity_101_Source_x_-0.525_Source_y_0.225.txt,-0.525,0.150,-0.525,0.225
Vertical_velocity_101_Source_x_-0.45_Source_y_0.15.txt,-0.525,0.150,-0.450,0.150
mirror_Vertical_velocity_101_Source_x_0.45_Source_y_-0.15.txt,0.525,-0.150,0.450,-0.150
mirror_Vertical_velocity_101_Source_x_0.525_Source_y_-0.225.txt,0.525,-0.150,0.525,-0.225
mirror_Vertical_velocity_101_Source_x_0.525_Source_y_-0.075.txt,0.525,-0.150,0.525,-0.075
mirror_Vertical_velocity_101_Source_x_0.6_Source_y_-0.15.txt,0.525,-0.150,0.600,-0.150
mirror_Vertical_velocity_101_Source_x_0.45_Source_y_0.15.txt,0.525,0.150,0.450,0.150
mirror_Vertical_velocity_101_Source_x_0.525_Source_y_0.075.txt,0.525,0.150,0.525,0.075
mirror_Vertical_velocity_101_Source_x_0.525_Source_y_0.225.txt,0.525,0.150,0.525,0.225
mirror_Vertical_velocity_101_Source_x_0.6_Source_y_0.15.txt,0.525,0.150,0.600,0.150
mirror_Vertical_velocity_102_Source_x_-0.45_Source_y_-0.15.txt,-0.375,-0.150,-0.450,-0.150
mirror_Vertical_velocity_102_Source_x_-0.375_Source_y_-0.225.txt,-0.375,-0.150,-0.375,-0.225
mirror_Vertical_velocity_102_Source_x_-0.375_Source_y_-0.075.txt,-0.375,-0.150,-0.375,-0.075
mirror_Vertical_velocity_102_Source_x_-0.3_Source_y_-0.15.txt,-0.375,-0.150,-0.300,-0.150
Vertical_velocity_102_Source_x_-0.45_Source_y_0.15.txt,-0.375,0.150,-0.450,0.150
Vertical_velocity_102_Source_x_-0.375_Source_y_0.075.txt,-0.375,0.150,-0.375,0.075
Vertical_velocity_102_Source_x_-0.375_Source_y_0.225.txt,-0.375,0.150,-0.375,0.225
Vertical_velocity_102_Source_x_-0.3_Source_y_0.15.txt,-0.375,0.150,-0.300,0.150
mirror_Vertical_velocity_102_Source_x_0.3_Source_y_-0.15.txt,0.375,-0.150,0.300,-0.150
mirror_Vertical_velocity_102_Source_x_0.375_Source_y_-0.225.txt,0.375,-0.150,0.375,-0.225
mirror_Vertical_velocity_102_Source_x_0.375_Source_y_-0.075.txt,0.375,-0.150,0.375,-0.075
mirror_Vertical_velocity_102_Source_x_0.45_Source_y_-0.15.txt,0.375,-0.150,0.450,-0.150
mirror_Vertical_velocity_102_Source_x_0.3_Source_y_0.15.txt,0.375,0.150,0.300,0.150
mirror_Vertical_velocity_102_Source_x_0.375_Source_y_0.075.txt,0.375,0.150,0.375,0.075
mirror_Vertical_velocity_102_Source_x_0.375_Source_y_0.225.txt,0.375,0.150,0.375,0.225
mirror_Vertical_velocity_102_Source_x_0.45_Source_y_0.15.txt,0.375,0.150,0.450,0.150
mirror_Vertical_velocity_103_Source_x_-0.3_Source_y_-0.15.txt,-0.225,-0.150,-0.300,-0.150
mirror_Vertical_velocity_103_Source_x_-0.225_Source_y_-0.225.txt,-0.225,-0.150,-0.225,-0.225
mirror_Vertical_velocity_103_Source_x_-0.225_Source_y_-0.075.txt,-0.225,-0.150,-0.225,-0.075
mirror_Vertical_velocity_103_Source_x_-0.15_Source_y_-0.15.txt,-0.225,-0.150,-0.150,-0.150
Vertical_velocity_103_Source_x_-0.3_Source_y_0.15.txt,-0.225,0.150,-0.300,0.150
Vertical_velocity_103_Source_x_-0.225_Source_y_0.075.txt,-0.225,0.150,-0.225,0.075
Vertical_velocity_103_Source_x_-0.225_Source_y_0.225.txt,-0.225,0.150,-0.225,0.225
Vertical_velocity_103_Source_x_-0.15_Source_y_0.15.txt,-0.225,0.150,-0.150,0.150
mirror_Vertical_velocity_103_Source_x_0.15_Source_y_-0.15.txt,0.225,-0.150,0.150,-0.150
mirror_Vertical_velocity_103_Source_x_0.225_Source_y_-0.225.txt,0.225,-0.150,0.225,-0.225
mirror_Vertical_velocity_103_Source_x_0.225_Source_y_-0.075.txt,0.225,-0.150,0.225,-0.075
mirror_Vertical_velocity_103_Source_x_0.3_Source_y_-0.15.txt,0.225,-0.150,0.300,-0.150
mirror_Vertical_velocity_103_Source_x_0.15_Source_y_0.15.txt,0.225,0.150,0.150,0.150
mirror_Vertical_velocity_103_Source_x_0.225_Source_y_0.075.txt,0.225,0.150,0.225,0.075
mirror_Vertical_velocity_103_Source_x_0.225_Source_y_0.225.txt,0.225,0.150,0.225,0.225
mirror_Vertical_velocity_103_Source_x_0.3_Source_y_0.15.txt,0.225,0.150,0.300,0.150
mirror_Vertical_velocity_104_Source_x_-0.15_Source_y_-0.15.txt,-0.075,-0.150,-0.150,-0.150
mirror_Vertical_velocity_104_Source_x_-0.075_Source_y_-0.225.txt,-0.075,-0.150,-0.075,-0.225
mirror_Vertical_velocity_104_Source_x_-0.075_Source_y_-0.075.txt,-0.075,-0.150,-0.075,-0.075
mirror_Vertical_velocity_104_Source_x_0_Source_y_-0.15.txt,-0.075,-0.150,0.000,-0.150
Vertical_velocity_104_Source_x_-0.15_Source_y_0.15.txt,-0.075,0.150,-0.150,0.150
Vertical_velocity_104_Source_x_-0.075_Source_y_0.075.txt,-0.075,0.150,-0.075,0.075
Vertical_velocity_104_Source_x_-0.075_Source_y_0.225.txt,-0.075,0.150,-0.075,0.225
Vertical_velocity_104_Source_x_0_Source_y_0.15.txt,-0.075,0.150,0.000,0.150
mirror_Vertical_velocity_104_Source_x_-0_Source_y_-0.15.txt,0.075,-0.150,0.000,-0.150
mirror_Vertical_velocity_104_Source_x_0.075_Source_y_-0.225.txt,0.075,-0.150,0.075,-0.225
mirror_Vertical_velocity_104_Source_x_0.075_Source_y_-0.075.txt,0.075,-0.150,0.075,-0.075
mirror_Vertical_velocity_104_Source_x_0.15_Source_y_-0.15.txt,0.075,-0.150,0.150,-0.150
mirror_Vertical_velocity_104_Source_x_-0_Source_y_0.15.txt,0.075,0.150,0.000,0.150
mirror_Vertical_velocity_104_Source_x_0.075_Source_y_0.075.txt,0.075,0.150,0.075,0.075
mirror_Vertical_velocity_104_Source_x_0.075_Source_y_0.225.txt,0.075,0.150,0.075,0.225
mirror_Vertical_velocity_104_Source_x_0.15_Source_y_0.15.txt,0.075,0.150,0.150,0.150
mirror_Vertical_velocity_105_Source_x_-1.35_Source_y_-0.15.txt,-1.350,-0.075,-1.350,-0.150
mirror_Vertical_velocity_105_Source_x_-1.35_Source_y_-0.txt,-1.350,-0.075,-1.350,0.000
mirror_Vertical_velocity_105_Source_x_-1.27_Source_y_-0.075.txt,-1.350,-0.075,-1.275,-0.075
Vertical_velocity_105_Source_x_-1.35_Source_y_0.txt,-1.350,0.075,-1.350,0.000
Vertical_velocity_105_Source_x_-1.35_Source_y_0.15.txt,-1.350,0.075,-1.350,0.150
Vertical_velocity_105_Source_x_-1.275_Source_y_0.075.txt,-1.350,0.075,-1.275,0.075
mirror_Vertical_velocity_105_Source_x_1.27_Source_y_-0.075.txt,1.350,-0.075,1.275,-0.075
mirror_Vertical_velocity_105_Source_x_1.35_Source_y_-0.15.txt,1.350,-0.075,1.350,-0.150
mirror_Vertical_velocity_105_Source_x_1.35_Source_y_-0.txt,1.350,-0.075,1.350,0.000
mirror_Vertical_velocity_105_Source_x_1.27_Source_y_0.075.txt,1.350,0.075,1.275,0.075
mirror_Vertical_velocity_105_Source_x_1.35_Source_y_0.txt,1.350,0.075,1.350,0.000
mirror_Vertical_velocity_105_Source_x_1.35_Source_y_0.15.txt,1.350,0.075,1.350,0.150
mirror_Vertical_velocity_106_Source_x_-1.27_Source_y_-0.075.txt,-1.200,-0.075,-1.275,-0.075
mirror_Vertical_velocity_106_Source_x_-1.2_Source_y_-0.15.txt,-1.200,-0.075,-1.200,-0.150
mirror_Vertical_velocity_106_Source_x_-1.2_Source_y_-0.txt,-1.200,-0.075,-1.200,0.000
mirror_Vertical_velocity_106_Source_x_-1.12_Source_y_-0.075.txt,-1.200,-0.075,-1.125,-0.075
Vertical_velocity_106_Source_x_-1.275_Source_y_0.075.txt,-1.200,0.075,-1.275,0.075
Vertical_velocity_106_Source_x_-1.2_Source_y_0.txt,-1.200,0.075,-1.200,0.000
Vertical_velocity_106_Source_x_-1.2_Source_y_0.15.txt,-1.200,0.075,-1.200,0.150
Vertical_velocity_106_Source_x_-1.125_Source_y_0.075.txt,-1.200,0.075,-1.125,0.075
mirror_Vertical_velocity_106_Source_x_1.12_Source_y_-0.075.txt,1.200,-0.075,1.125,-0.075
mirror_Vertical_velocity_106_Source_x_1.2_Source_y_-0.15.txt,1.200,-0.075,1.200,-0.150
mirror_Vertical_velocity_106_Source_x_1.2_Source_y_-0.txt,1.200,-0.075,1.200,0.000
mirror_Vertical_velocity_106_Source_x_1.27_Source_y_-0.075.txt,1.200,-0.075,1.275,-0.075
mirror_Vertical_velocity_106_Source_x_1.12_Source_y_0.075.txt,1.200,0.075,1.125,0.075
mirror_Vertical_velocity_106_Source_x_1.2_Source_y_0.txt,1.200,0.075,1.200,0.000
mirror_Vertical_velocity_106_Source_x_1.2_Source_y_0.15.txt,1.200,0.075,1.200,0.150
mirror_Vertical_velocity_106_Source_x_1.27_Source_y_0.075.txt,1.200,0.075,1.275,0.075
mirror_Vertical_velocity_107_Source_x_-1.12_Source_y_-0.075.txt,-1.050,-0.075,-1.125,-0.075
mirror_Vertical_velocity_107_Source_x_-1.05_Source_y_-0.15.txt,-1.050,-0.075,-1.050,-0.150
mirror_Vertical_velocity_107_Source_x_-1.05_Source_y_-0.txt,-1.050,-0.075,-1.050,0.000
mirror_Vertical_velocity_107_Source_x_-0.975_Source_y_-0.075.txt,-1.050,-0.075,-0.975,-0.075
Vertical_velocity_107_Source_x_-1.125_Source_y_0.075.txt,-1.050,0.075,-1.125,0.075
Vertical_velocity_107_Source_x_-1.05_Source_y_0.txt,-1.050,0.075,-1.050,0.000
Vertical_velocity_107_Source_x_-1.05_Source_y_0.15.txt,-1.050,0.075,-1.050,0.150
Vertical_velocity_107_Source_x_-0.975_Source_y_0.075.txt,-1.050,0.075,-0.975,0.075
mirror_Vertical_velocity_107_Source_x_0.975_Source_y_-0.075.txt,1.050,-0.075,0.975,-0.075
mirror_Vertical_velocity_107_Source_x_1.05_Source_y_-0.15.txt,1.050,-0.075,1.050,-0.150
mirror_Vertical_velocity_107_Source_x_1.05_Source_y_-0.txt,1.050,-0.075,1.050,0.000
mirror_Vertical_velocity_107_Source_x_1.12_Source_y_-0.075.txt,1.050,-0.075,1.125,-0.075
mirror_Vertical_velocity_107_Source_x_0.975_Source_y_0.075.txt,1.050,0.075,0.975,0.075
mirror_Vertical_velocity_107_Source_x_1.05_Source_y_0.txt,1.050,0.075,1.050,0.000
mirror_Vertical_velocity_107_Source_x_1.05_Source_y_0.15.txt,1.050,0.075,1.050,0.150
mirror_Vertical_velocity_107_Source_x_1.12_Source_y_0.075.txt,1.050,0.075,1.125,0.075
mirror_Vertical_velocity_108_Source_x_-0.975_Source_y_-0.075.txt,-0.900,-0.075,-0.975,-0.075
mirror_Vertical_velocity_108_Source_x_-0.9_Source_y_-0.15.txt,-0.900,-0.075,-0.900,-0.150
mirror_Vertical_velocity_108_Source_x_-0.9_Source_y_-0.txt,-0.900,-0.075,-0.900,0.000
mirror_Vertical_velocity_108_Source_x_-0.825_Source_y_-0.075.txt,-0.900,-0.075,-0.825,-0.075
Vertical_velocity_108_Source_x_-0.975_Source_y_0.075.txt,-0.900,0.075,-0.975,0.075
Vertical_velocity_108_Source_x_-0.9_Source_y_0.txt,-0.900,0.075,-0.900,0.000
Vertical_velocity_108_Source_x_-0.9_Source_y_0.15.txt,-0.900,0.075,-0.900,0.150
Vertical_velocity_108_Source_x_-0.825_Source_y_0.075.txt,-0.900,0.075,-0.825,0.075
mirror_Vertical_velocity_108_Source_x_0.825_Source_y_-0.075.txt,0.900,-0.075,0.825,-0.075
mirror_Vertical_velocity_108_Source_x_0.9_Source_y_-0.15.txt,0.900,-0.075,0.900,-0.150
mirror_Vertical_velocity_108_Source_x_0.9_Source_y_-0.txt,0.900,-0.075,0.900,0.000
mirror_Vertical_velocity_108_Source_x_0.975_Source_y_-0.075.txt,0.900,-0.075,0.975,-0.075
mirror_Vertical_velocity_108_Source_x_0.825_Source_y_0.075.txt,0.900,0.075,0.825,0.075
mirror_Vertical_velocity_108_Source_x_0.9_Source_y_0.txt,0.900,0.075,0.900,0.000
mirror_Vertical_velocity_108_Source_x_0.9_Source_y_0.15.txt,0.900,0.075,0.900,0.150
mirror_Vertical_velocity_108_Source_x_0.975_Source_y_0.075.txt,0.900,0.075,0.975,0.075
mirror_Vertical_velocity_109_Source_x_-0.825_Source_y_-0.075.txt,-0.750,-0.075,-0.825,-0.075
mirror_Vertical_velocity_109_Source_x_-0.75_Source_y_-0.15.txt,-0.750,-0.075,-0.750,-0.150
mirror_Vertical_velocity_109_Source_x_-0.75_Source_y_-0.txt,-0.750,-0.075,-0.750,0.000
mirror_Vertical_velocity_109_Source_x_-0.675_Source_y_-0.075.txt,-0.750,-0.075,-0.675,-0.075
Vertical_velocity_109_Source_x_-0.825_Source_y_0.075.txt,-0.750,0.075,-0.825,0.075
Vertical_velocity_109_Source_x_-0.75_Source_y_0.txt,-0.750,0.075,-0.750,0.000
Vertical_velocity_109_Source_x_-0.75_Source_y_0.15.txt,-0.750,0.075,-0.750,0.150
Vertical_velocity_109_Source_x_-0.675_Source_y_0.075.txt,-0.750,0.075,-0.675,0.075
mirror_Vertical_velocity_109_Source_x_0.675_Source_y_-0.075.txt,0.750,-0.075,0.675,-0.075
mirror_Vertical_velocity_109_Source_x_0.75_Source_y_-0.15.txt,0.750,-0.075,0.750,-0.150
mirror_Vertical_velocity_109_Source_x_0.75_Source_y_-0.txt,0.750,-0.075,0.750,0.000
mirror_Vertical_velocity_109_Source_x_0.825_Source_y_-0.075.txt,0.750,-0.075,0.825,-0.075
mirror_Vertical_velocity_109_Source_x_0.675_Source_y_0.075.txt,0.750,0.075,0.675,0.075
mirror_Vertical_velocity_109_Source_x_0.75_Source_y_0.txt,0.750,0.075,0.750,0.000
mirror_Vertical_velocity_109_Source_x_0.75_Source_y_0.15.txt,0.750,0.075,0.750,0.150
mirror_Vertical_velocity_109_Source_x_0.825_Source_y_0.075.txt,0.750,0.075,0.825,0.075
mirror_Vertical_velocity_110_Source_x_-0.675_Source_y_-0.075.txt,-0.600,-0.075,-0.675,-0.075
mirror_Vertical_velocity_110_Source_x_-0.6_Source_y_-0.15.txt,-0.600,-0.075,-0.600,-0.150
mirror_Vertical_velocity_110_Source_x_-0.6_Source_y_-0.txt,-0.600,-0.075,-0.600,0.000
mirror_Vertical_velocity_110_Source_x_-0.525_Source_y_-0.075.txt,-0.600,-0.075,-0.525,-0.075
Vertical_velocity_110_Source_x_-0.675_Source_y_0.075.txt,-0.600,0.075,-0.675,0.075
Vertical_velocity_110_Source_x_-0.6_Source_y_0.txt,-0.600,0.075,-0.600,0.000
Vertical_velocity_110_Source_x_-0.6_Source_y_0.15.txt,-0.600,0.075,-0.600,0.150
Vertical_velocity_110_Source_x_-0.525_Source_y_0.075.txt,-0.600,0.075,-0.525,0.075
mirror_Vertical_velocity_110_Source_x_0.525_Source_y_-0.075.txt,0.600,-0.075,0.525,-0.075
mirror_Vertical_velocity_110_Source_x_0.6_Source_y_-0.15.txt,0.600,-0.075,0.600,-0.150
mirror_Vertical_velocity_110_Source_x_0.6_Source_y_-0.txt,0.600,-0.075,0.600,0.000
mirror_Vertical_velocity_110_Source_x_0.675_Source_y_-0.075.txt,0.600,-0.075,0.675,-0.075
mirror_Vertical_velocity_110_Source_x_0.525_Source_y_0.075.txt,0.600,0.075,0.525,0.075
mirror_Vertical_velocity_110_Source_x_0.6_Source_y_0.txt,0.600,0.075,0.600,0.000
mirror_Vertical_velocity_110_Source_x_0.6_Source_y_0.15.txt,0.600,0.075,0.600,0.150
mirror_Vertical_velocity_110_Source_x_0.675_Source_y_0.075.txt,0.600,0.075,0.675,0.075
mirror_Vertical_velocity_111_Source_x_-0.525_Source_y_-0.075.txt,-0.450,-0.075,-0.525,-0.075
mirror_Vertical_velocity_111_Source_x_-0.45_Source_y_-0.15.txt,-0.450,-0.075,-0.450,-0.150
mirror_Vertical_velocity_111_Source_x_-0.45_Source_y_-0.txt,-0.450,-0.075,-0.450,0.000
mirror_Vertical_velocity_111_Source_x_-0.375_Source_y_-0.075.txt,-0.450,-0.075,-0.375,-0.075
Vertical_velocity_111_Source_x_-0.525_Source_y_0.075.txt,-0.450,0.075,-0.525,0.075
Vertical_velocity_111_Source_x_-0.45_Source_y_0.txt,-0.450,0.075,-0.450,0.000
Vertical_velocity_111_Source_x_-0.45_Source_y_0.15.txt,-0.450,0.075,-0.450,0.150
Vertical_velocity_111_Source_x_-0.375_Source_y_0.075.txt,-0.450,0.075,-0.375,0.075
mirror_Vertical_velocity_111_Source_x_0.375_Source_y_-0.075.txt,0.450,-0.075,0.375,-0.075
mirror_Vertical_velocity_111_Source_x_0.45_Source_y_-0.15.txt,0.450,-0.075,0.450,-0.150
mirror_Vertical_velocity_111_Source_x_0.45_Source_y_-0.txt,0.450,-0.075,0.450,0.000
mirror_Vertical_velocity_111_Source_x_0.525_Source_y_-0.075.txt,0.450,-0.075,0.525,-0.075
mirror_Vertical_velocity_111_Source_x_0.375_Source_y_0.075.txt,0.450,0.075,0.375,0.075
mirror_Vertical_velocity_111_Source_x_0.45_Source_y_0.txt,0.450,0.075,0.450,0.000
mirror_Vertical_velocity_111_Source_x_0.45_Source_y_0.15.txt,0.450,0.075,0.450,0.150
mirror_Vertical_velocity_111_Source_x_0.525_Source_y_0.075.txt,0.450,0.075,0.525,0.075
mirror_Vertical_velocity_112_Source_x_-0.375_Source_y_-0.075.txt,-0.300,-0.075,-0.375,-0.075
mirror_Vertical_velocity_112_Source_x_-0.3_Source_y_-0.15.txt,-0.300,-0.075,-0.300,-0.150
mirror_Vertical_velocity_112_Source_x_-0.3_Source_y_-0.txt,-0.300,-0.075,-0.300,0.000
mirror_Vertical_velocity_112_Source_x_-0.225_Source_y_-0.075.txt,-0.300,-0.075,-0.225,-0.075
Vertical_velocity_112_Source_x_-0.375_Source_y_0.075.txt,-0.300,0.075,-0.375,0.075
Vertical_velocity_112_Source_x_-0.3_Source_y_0.txt,-0.300,0.075,-0.300,0.000
Vertical_velocity_112_Source_x_-0.3_Source_y_0.15.txt,-0.300,0.075,-0.300,0.150
Vertical_velocity_112_Source_x_-0.225_Source_y_0.075.txt,-0.300,0.075,-0.225,0.075
mirror_Vertical_velocity_112_Source_x_0.225_Source_y_-0.075.txt,0.300,-0.075,0.225,-0.075
mirror_Vertical_velocity_112_Source_x_0.3_Source_y_-0.15.txt,0.300,-0.075,0.300,-0.150
mirror_Vertical_velocity_112_Source_x_0.3_Source_y_-0.txt,0.300,-0.075,0.300,0.000
mirror_Vertical_velocity_112_Source_x_0.375_Source_y_-0.075.txt,0.300,-0.075,0.375,-0.075
mirror_Vertical_velocity_112_Source_x_0.225_Source_y_0.075.txt,0.300,0.075,0.225,0.075
mirror_Vertical_velocity_112_Source_x_0.3_Source_y_0.txt,0.300,0.075,0.300,0.000
mirror_Vertical_velocity_112_Source_x_0.3_Source_y_0.15.txt,0.300,0.075,0.300,0.150
mirror_Vertical_velocity_112_Source_x_0.375_Source_y_0.075.txt,0.300,0.075,0.375,0.075
mirror_Vertical_velocity_113_Source_x_-0.225_Source_y_-0.075.txt,-0.150,-0.075,-0.225,-0.075
mirror_Vertical_velocity_113_Source_x_-0.15_Source_y_-0.15.txt,-0.150,-0.075,-0.150,-0.150
mirror_Vertical_velocity_113_Source_x_-0.15_Source_y_-0.txt,-0.150,-0.075,-0.150,0.000
mirror_Vertical_velocity_113_Source_x_-0.075_Source_y_-0.075.txt,-0.150,-0.075,-0.075,-0.075
Vertical_velocity_113_Source_x_-0.225_Source_y_0.075.txt,-0.150,0.075,-0.225,0.075
Vertical_velocity_113_Source_x_-0.15_Source_y_0.txt,-0.150,0.075,-0.150,0.000
Vertical_velocity_113_Source_x_-0.15_Source_y_0.15.txt,-0.150,0.075,-0.150,0.150
Vertical_velocity_113_Source_x_-0.075_Source_y_0.075.txt,-0.150,0.075,-0.075,0.075
mirror_Vertical_velocity_113_Source_x_0.075_Source_y_-0.075.txt,0.150,-0.075,0.075,-0.075
mirror_Vertical_velocity_113_Source_x_0.15_Source_y_-0.15.txt,0.150,-0.075,0.150,-0.150
mirror_Vertical_velocity_113_Source_x_0.15_Source_y_-0.txt,0.150,-0.075,0.150,0.000
mirror_Vertical_velocity_113_Source_x_0.225_Source_y_-0.075.txt,0.150,-0.075,0.225,-0.075
mirror_Vertical_velocity_113_Source_x_0.075_Source_y_0.075.txt,0.150,0.075,0.075,0.075
mirror_Vertical_velocity_113_Source_x_0.15_Source_y_0.txt,0.150,0.075,0.150,0.000
mirror_Vertical_velocity_113_Source_x_0.15_Source_y_0.15.txt,0.150,0.075,0.150,0.150
mirror_Vertical_velocity_113_Source_x_0.225_Source_y_0.075.txt,0.150,0.075,0.225,0.075
mirror_Vertical_velocity_114_Source_x_-0.075_Source_y_-0.075.txt,0.000,-0.075,-0.075,-0.075
mirror_Vertical_velocity_114_Source_x_0_Source_y_-0.15.txt,0.000,-0.075,0.000,-0.150
mirror_Vertical_velocity_114_Source_x_0_Source_y_-0.txt,0.000,-0.075,0.000,0.000
mirror_Vertical_velocity_114_Source_x_0.075_Source_y_-0.075.txt,0.000,-0.075,0.075,-0.075
Vertical_velocity_114_Source_x_-0.075_Source_y_0.075.txt,0.000,0.075,-0.075,0.075
Vertical_velocity_114_Source_x_0_Source_y_0.txt,0.000,0.075,0.000,0.000
Vertical_velocity_114_Source_x_0_Source_y_0.15.txt,0.000,0.075,0.000,0.150
mirror_Vertical_velocity_114_Source_x_0.075_Source_y_0.075.txt,0.000,0.075,0.075,0.075
Vertical_velocity_115_Source_x_-1.35_Source_y_0.txt,-1.275,0.000,-1.350,0.000
mirror_Vertical_velocity_115_Source_x_-1.27_Source_y_-0.075.txt,-1.275,0.000,-1.275,-0.075
Vertical_velocity_115_Source_x_-1.275_Source_y_0.075.txt,-1.275,0.000,-1.275,0.075
Vertical_velocity_115_Source_x_-1.2_Source_y_0.txt,-1.275,0.000,-1.200,0.000
mirror_Vertical_velocity_115_Source_x_1.2_Source_y_0.txt,1.275,0.000,1.200,0.000
mirror_Vertical_velocity_115_Source_x_1.27_Source_y_-0.075.txt,1.275,0.000,1.275,-0.075
mirror_Vertical_velocity_115_Source_x_1.27_Source_y_0.075.txt,1.275,0.000,1.275,0.075
mirror_Vertical_velocity_115_Source_x_1.35_Source_y_0.txt,1.275,0.000,1.350,0.000
Vertical_velocity_116_Source_x_-1.2_Source_y_0.txt,-1.125,0.000,-1.200,0.000
mirror_Vertical_velocity_116_Source_x_-1.12_Source_y_-0.075.txt,-1.125,0.000,-1.125,-0.075
Vertical_velocity_116_Source_x_-1.125_Source_y_0.075.txt,-1.125,0.000,-1.125,0.075
Vertical_velocity_116_Source_x_-1.05_Source_y_0.txt,-1.125,0.000,-1.050,0.000
mirror_Vertical_velocity_116_Source_x_1.05_Source_y_0.txt,1.125,0.000,1.050,0.000
mirror_Vertical_velocity_116_Source_x_1.12_Source_y_-0.075.txt,1.125,0.000,1.125,-0.075
mirror_Vertical_velocity_116_Source_x_1.12_Source_y_0.075.txt,1.125,0.000,1.125,0.075
mirror_Vertical_velocity_116_Source_x_1.2_Source_y_0.txt,1.125,0.000,1.200,0.000
Vertical_velocity_117_Source_x_-1.05_Source_y_0.txt,-0.975,0.000,-1.050,0.000
mirror_Vertical_velocity_117_Source_x_-0.975_Source_y_-0.075.txt,-0.975,0.000,-0.975,-0.075
Vertical_velocity_117_Source_x_-0.975_Source_y_0.075.txt,-0.975,0.000,-0.975,0.075
Vertical_velocity_117_Source_x_-0.9_Source_y_0.txt,-0.975,0.000,-0.900,0.000
mirror_Vertical_velocity_117_Source_x_0.9_Source_y_0.txt,0.975,0.000,0.900,0.000
mirror_Vertical_velocity_117_Source_x_0.975_Source_y_-0.075.txt,0.975,0.000,0.975,-0.075
mirror_Vertical_velocity_117_Source_x_0.975_Source_y_0.075.txt,0.975,0.000,0.975,0.075
mirror_Vertical_velocity_117_Source_x_1.05_Source_y_0.txt,0.975,0.000,1.050,0.000
Vertical_velocity_118_Source_x_-0.9_Source_y_0.txt,-0.825,0.000,-0.900,0.000
mirror_Vertical_velocity_118_Source_x_-0.825_Source_y_-0.075.txt,-0.825,0.000,-0.825,-0.075
Vertical_velocity_118_Source_x_-0.825_Source_y_0.075.txt,-0.825,0.000,-0.825,0.075
Vertical_velocity_118_Source_x_-0.75_Source_y_0.txt,-0.825,0.000,-0.750,0.000
mirror_Vertical_velocity_118_Source_x_0.75_Source_y_0.txt,0.825,0.000,0.750,0.000
mirror_Vertical_velocity_118_Source_x_0.825_Source_y_-0.075.txt,0.825,0.000,0.825,-0.075
mirror_Vertical_velocity_118_Source_x_0.825_Source_y_0.075.txt,0.825,0.000,0.825,0.075
mirror_Vertical_velocity_118_Source_x_0.9_Source_y_0.txt,0.825,0.000,0.900,0.000
Vertical_velocity_119_Source_x_-0.75_Source_y_0.txt,-0.675,0.000,-0.750,0.000
mirror_Vertical_velocity_119_Source_x_-0.675_Source_y_-0.075.txt,-0.675,0.000,-0.675,-0.075
Vertical_velocity_119_Source_x_-0.675_Source_y_0.075.txt,-0.675,0.000,-0.675,0.075
Vertical_velocity_119_Source_x_-0.6_Source_y_0.txt,-0.675,0.000,-0.600,0.000
mirror_Vertical_velocity_119_Source_x_0.6_Source_y_0.txt,0.675,0.000,0.600,0.000
mirror_Vertical_velocity_119_Source_x_0.675_Source_y_-0.075.txt,0.675,0.000,0.675,-0.075
mirror_Vertical_velocity_119_Source_x_0.675_Source_y_0.075.txt,0.675,0.000,0.675,0.075
mirror_Vertical_velocity_119_Source_x_0.75_Source_y_0.txt,0.675,0.000,0.750,0.000
Vertical_velocity_120_Source_x_-0.6_Source_y_0.txt,-0.525,0.000,-0.600,0.000
mirror_Vertical_velocity_120_Source_x_-0.525_Source_y_-0.075.txt,-0.525,0.000,-0.525,-0.075
Vertical_velocity_120_Source_x_-0.525_Source_y_0.075.txt,-0.525,0.000,-0.525,0.075
Vertical_velocity_120_Source_x_-0.45_Source_y_0.txt,-0.525,0.000,-0.450,0.000
mirror_Vertical_velocity_120_Source_x_0.45_Source_y_0.txt,0.525,0.000,0.450,0.000
mirror_Vertical_velocity_120_Source_x_0.525_Source_y_-0.075.txt,0.525,0.000,0.525,-0.075
mirror_Vertical_velocity_120_Source_x_0.525_Source_y_0.075.txt,0.525,0.000,0.525,0.075
mirror_Vertical_velocity_120_Source_x_0.6_Source_y_0.txt,0.525,0.000,0.600,0.000
Vertical_velocity_121_Source_x_-0.45_Source_y_0.txt,-0.375,0.000,-0.450,0.000
mirror_Vertical_velocity_121_Source_x_-0.375_Source_y_-0.075.txt,-0.375,0.000,-0.375,-0.075
Vertical_velocity_121_Source_x_-0.375_Source_y_0.075.txt,-0.375,0.000,-0.375,0.075
Vertical_velocity_121_Source_x_-0.3_Source_y_0.txt,-0.375,0.000,-0.300,0.000
mirror_Vertical_velocity_121_Source_x_0.3_Source_y_0.txt,0.375,0.000,0.300,0.000
mirror_Vertical_velocity_121_Source_x_0.375_Source_y_-0.075.txt,0.375,0.000,0.375,-0.075
mirror_Vertical_velocity_121_Source_x_0.375_Source_y_0.075.txt,0.375,0.000,0.375,0.075
mirror_Vertical_velocity_121_Source_x_0.45_Source_y_0.txt,0.375,0.000,0.450,0.000
Vertical_velocity_122_Source_x_-0.3_Source_y_0.txt,-0.225,0.000,-0.300,0.000
mirror_Vertical_velocity_122_Source_x_-0.225_Source_y_-0.075.txt,-0.225,0.000,-0.225,-0.075
Vertical_velocity_122_Source_x_-0.225_Source_y_0.075.txt,-0.225,0.000,-0.225,0.075
Vertical_velocity_122_Source_x_-0.15_Source_y_0.txt,-0.225,0.000,-0.150,0.000
mirror_Vertical_velocity_122_Source_x_0.15_Source_y_0.txt,0.225,0.000,0.150,0.000
mirror_Vertical_velocity_122_Source_x_0.225_Source_y_-0.075.txt,0.225,0.000,0.225,-0.075
mirror_Vertical_velocity_122_Source_x_0.225_Source_y_0.075.txt,0.225,0.000,0.225,0.075
mirror_Vertical_velocity_122_Source_x_0.3_Source_y_0.txt,0.225,0.000,0.300,0.000
Vertical_velocity_123_Source_x_-0.15_Source_y_0.txt,-0.075,0.000,-0.150,0.000
mirror_Vertical_velocity_123_Source_x_-0.075_Source_y_-0.075.txt,-0.075,0.000,-0.075,-0.075
Vertical_velocity_123_Source_x_-0.075_Source_y_0.075.txt,-0.075,0.000,-0.075,0.075
Vertical_velocity_123_Source_x_0_Source_y_0.txt,-0.075,0.000,0.000,0.000
mirror_Vertical_velocity_123_Source_x_-0_Source_y_0.txt,0.075,0.000,0.000,0.000
mirror_Vertical_velocity_123_Source_x_0.075_Source_y_-0.075.txt,0.075,0.000,0.075,-0.075
mirror_Vertical_velocity_123_Source_x_0.075_Source_y_0.075.txt,0.075,0.000,0.075,0.075
mirror_Vertical_velocity_123_Source_x_0.15_Source_y_0.txt,0.075,0.000,0.150,0.000
